115286
100873766
100506680
100506697
100873972
100507533
100874194
221178
100289274
100313842
100874231
100887754
100422881
100874096
685
100873782
100873778
100861541
2520
100289373
693208
100422861
100874063
101927465
100874071
26771
100861542
619499
100873768
9001
100885777
100861550
100288730
100873781
100885778
100873762
100616110
100874107
100616239
100874059
283480
100861573
100874081
440131
283481
101928980
100873769
121952
100507040
101930454
282706
100188949
144920
3728
728192
283483
100874173
100874158
100507064
100302286
100874375
440132
100885782
10609
100422920
101409253
100129836
100507099
100874203
101927802
100874167
60681
101928616
387486
100505996
101928698
101928752
100874205
378828
100874241
101927821
101930262
101930007
101927843
100130386
100506394
54143
115024
100302195
100874178
643365
727832
100874179
100861555
100847035
100616227
100507114
100873774
317719
100996331
100287399
55175
100874188
101929121
266917
100873764
100422940
9728
100874127
646982
100313896
693206
100616668
100288966
317754
7179
47
283507
100422878
100873765
101927869
100506759
729950
100847026
83538
388468
339010
121838
1267
147429
753
101929212
728606
100874377
400128
7266
149998
144817
100873773
677814
54033
390538
339622
28511
283694
100190939
642131
6782
201181
645202
440243
283767
79132
100509894
100861554
100873772
9318
64092
2648
388813
94086
100874082
5878
114791
101929410
100873965
100862704
8204
100129597
55177
5175
220429
100500908
406948
101927698
54072
101927718
406950
406947
114614
145165
282566
284021
2644
100874074
100874255
11232
441818
55192
125228
2974
29761
100996571
100616243
647166
100616408
100616387
1655
100847003
29906
100507398
100616171
100616423
90799
101930578
1525
100887750
8731
169714
9063
644623
2585
399693
100188917
10950
643338
100526773
54088
1795
246705
284825
7873
90199
7168
29890
259240
54149
729082
727957
377711
10778
64784
406963
102465906
23246
100500864
84936
101927809
1477
140578
9730
100422857
100129885
642658
647946
140832
100847025
100846997
23191
259239
220115
101927900
693211
280664
641516
5651
100423013
164237
100302217
391253
101928388
3297
284260
23132
3420
83473
140686
100313778
57091
100861552
646938
100507428
693212
4685
100846996
118421
729911
54866
406960
8694
196951
193629
100874195
100874196
4161
100616340
101928158
101926930
4158
114294
100422973
253868
415056
571
100874143
641
406904
406923
54148
389715
100505735
83482
101927921
100127888
101927943
100422829
162655
100874157
1522
100652730
100873780
101409261
340393
51507
101930338
63930
6692
10588
642976
100144597
768097
158381
266919
768096
100996492
100616302
100616205
406909
57593
100423014
283688
100422945
100874064
100130587
100874086
100874087
100616214
81027
101926948
100505771
6023
2252
100133746
100126339
100126330
100126329
101929586
100126352
116092
100506888
100302137
58494
158376
693232
79581
284739
514
728929
51065
100616264
101930171
101930165
101929858
101060464
101060457
162699
101929395
140849
101929413
100847042
6315
693132
51224
100616289
100422891
2298
100885781
100616278
100616366
100616456
100616181
101929655
728450
100506710
51762
11065
101929486
100873779
150051
140687
100505515
51012
26233
100873770
100505536
84064
522
57684
388799
200232
140848
100874151
56986
56265
100379174
338864
440278
171177
647288
647044
5045
81614
51124
101927155
203054
158228
100616420
2551
7022
692086
100302257
128611
26791
7125
57617
26790
83464
100874212
100302254
101928144
728758
23637
677769
101927475
653501
401509
100500861
100505518
440757
100422875
158314
1908
54567
100874222
388789
100288797
101929526
101927176
100874175
374860
101929193
100134869
100133144
655
29075
652991
128653
102466749
100302196
100126351
29894
100270804
100130264
2844
644019
445571
220869
150472
55871
100874126
100500918
100124534
100996582
728495
100551499
100505538
677846
100616351
100874208
101927195
64773
645212
100506215
101927448
4087
100873771
100874128
654466
100874137
79895
100873775
55342
138649
55630
2242
123606
23626
642345
771
100616182
101930749
101930746
101928261
100133036
100861553
116154
157983
6093
101930147
101928414
100874187
101929583
101928195
100996643
100133920
79094
693207
51160
101927224
100287225
100873776
144776
101930747
100874150
101928107
101929518
642929
407975
407048
406982
406979
406980
406952
406953
100288432
101929591
90203
100847092
101928167
100873969
100506334
677819
100270679
4796
286204
8480
101929663
284788
101927229
64601
140828
101059918
728498
728047
653720
653125
653073
643699
283796
100616290
101929685
101927273
101929707
100996825
440073
200261
101927827
643648
100505664
351
100505683
10005
54617
100126311
100289308
164380
574538
283651
11001
100289124
100287333
100131997
101929006
113457
7278
400839
642484
284798
100422927
101928014
101928040
100462983
100505474
406881
406888
101926955
158257
100885779
100996695
55544
81704
57706
406886
728882
284800
101930665
149934
80000
100132077
387628
101928442
724033
284801
116159
389741
10388
101928099
3067
100126582
100313780
101928119
93492
9960
401508
201501
101930560
407011
100505874
140678
407019
9510
100422842
407012
114036
245935
9355
140875
100101490
100874042
100422904
100616357
406906
101929636
11096
653061
128854
100302183
54737
7916
100996870
161829
578
54064
100506385
29104
317716
403323
768219
101929746
4122
23189
101930476
100128782
55269
101926888
283685
100616434
286297
283692
100996609
338963
100188953
283693
100133286
693229
100507362
10783
100505616
100616134
574501
677778
692092
1761
100616218
2553
7681
9811
100507463
100616404
100506428
58524
9205
140846
3543
100302125
26046
100996557
54551
4692
340198
203274
140873
100616194
100616184
140831
5695
23742
101929800
101927424
101926991
440896
10655
54435
90204
340508
140690
11261
8692
347735
572558
128497
100302167
140825
101929847
101929479
642423
388152
149086
595135
390858
90355
100287922
284551
80868
389831
11339
51233
101930570
101929179
10255
10069
26065
2516
4092
63939
3116
5786
11334
5509
6046
3137
8926
6638
100499484
101930230
101928381
647979
9172
100130938
2649
100130373
100306975
100616332
101926987
60437
266747
5476
101927815
100130418
100129387
101927015
100861522
100130717
100287792
100616396
169611
27442
494558
10600
414765
114799
101926957
146713
7750
100132724
51203
100423025
283807
200298
401551
100616369
100507244
26776
26777
677839
339221
677840
6595
11224
3111
11186
100500826
406987
374650
84733
1616
81873
284756
100847012
100874006
693233
57332
101928931
257203
644767
100616170
100192420
100507540
100652929
677821
128439
7621
57653
101927531
6632
283435
29802
100302202
9101
1002
101927258
100132705
441234
2800
101928499
100653233
150248
79660
407002
51802
677837
8925
100422939
100616190
171586
101927358
339568
6999
3113
400916
101927380
388165
5105
100505663
2700
1519
54808
2706
259234
101927117
55898
5303
100506874
100506241
50652
4320
3833
100996669
5140
25787
100286938
10804
101927035
101927422
26222
100506271
286205
101927051
10694
101928527
724028
101927159
724029
100302223
8658
101927138
100616146
6874
100533483
7436
54821
693213
101927450
51084
221241
23604
51103
284294
3115
101927477
400654
6598
6191
100505783
497661
400866
101927219
120227
54581
101927502
100500813
100847002
101927242
79015
347127
2797
5537
101927183
643542
101928337
23168
7917
57534
101928408
100505826
81030
25786
101927430
101927326
100652736
84191
91319
404770
169522
100500897
100873758
100874530
101927202
100526842
6139
64949
100616414
406961
5020
400867
116938
116937
149986
26807
373509
551
10244
84513
101928435
71
60
100500860
7686
7355
100302197
9933
283663
284865
150197
101060542
100302118
8100
101927257
101927355
257357
100996415
729444
100874093
100500814
100616283
101927552
3309
440300
101927377
56911
100302237
407043
101927575
100505983
407039
101927457
101060004
100616259
56937
4482
339674
284749
53342
6642
100132273
101928694
414778
100506834
100996569
101928668
66035
440173
54822
202018
494127
3139
221143
100124516
11040
101928725
441951
5688
392360
101928438
7337
388906
414777
441461
401466
100313886
26765
100113393
100379661
692057
128602
5991
407007
401585
100887755
94009
5360
3706
101927541
140731
64328
284751
100616148
101927586
55922
91695
22888
100506492
693230
100302146
55593
100423015
100126314
100506175
100505776
27161
50626
101927537
4435
101927631
267010
100422936
4282
2627
60493
401247
100847083
100506679
100505797
100422889
101927847
100616237
101927678
100505817
286370
100422963
101927447
101929679
100874326
285834
101927700
100302121
4058
101928470
101927873
100874197
653689
2953
9762
340515
64693
101927606
100130889
284835
253018
400657
101927574
101927526
169792
796
26524
100037417
728805
100505853
388910
339298
203074
401588
414351
65992
100129347
101927770
101927551
100302191
1652
100506714
100507520
101929111
6189
100302149
100500902
100500821
8552
26039
100616225
10284
2638
441328
692233
692199
100506737
94137
100616253
677820
101927796
100131816
100616230
80736
102060414
101928784
100422890
203076
101928128
2897
414319
414764
100996876
100132103
3704
100500828
406883
494323
100616143
26130
9388
406884
221150
101928850
83595
6505
100847084
100506530
339685
83452
400932
101929701
2952
101928907
101927820
100422883
5932
100124540
284930
727915
84888
374659
57403
641517
55937
100616147
100616353
101928496
54904
100422916
79856
145978
100616415
100506365
100507258
377677
26285
78988
283738
100128946
54984
9073
693159
100500882
149773
255177
100616245
643803
101927799
90990
101929743
100131902
100847065
101928550
102466227
91433
100302235
401127
388818
100616238
407044
5479
100885776
643812
101929268
337963
337959
407022
100302214
100500871
100500858
80854
100126296
57827
140258
149775
337960
286046
284827
100423023
101929217
101927932
254950
201799
100144603
101928287
253832
101928825
337882
337969
26015
100506917
344967
100133957
100422828
9217
337970
101927715
100302114
392459
441369
337971
54090
26164
100313822
337972
100506384
3750
100507464
574509
337973
150135
101060498
284942
118433
574510
337974
286101
101928579
574511
100288287
7918
574512
201798
337968
100616274
55064
574513
337967
26134
729296
284757
653162
388524
93627
337979
100302186
100422847
642924
91419
337966
100126301
23523
337975
101410542
100126337
284240
101928336
574514
83959
337976
284241
100506844
574515
693231
406965
337985
574516
100616362
100288323
101930341
101929100
100422903
57194
574518
574517
100616440
66036
337978
221154
100506470
101928955
101929402
337977
100506070
337879
100302168
132612
101927074
337880
286042
100616303
100500881
100303728
728299
9055
23284
23157
768218
27236
26779
5458
54089
254559
100126270
1302
101928052
403313
10449
164284
150142
166752
2254
4258
55344
101927095
101930094
407051
55664
283761
101928233
100130855
100996590
56241
101928255
83899
9079
85280
53944
7074
81870
23431
6445
100506827
11255
100507608
100505989
494334
280657
100505724
79109
100533177
158801
100616169
83894
8225
100506013
340512
2891
50808
55534
127124
1460
101929271
100507053
101926977
8928
2996
54905
100847059
100288748
100846993
359806
28227
2562
100422841
101928720
619351
388121
56850
4645
2687
101929450
101929341
6222
85462
9768
101929353
6647
100874275
5788
101930223
84310
100302193
10171
26276
58496
84988
60592
6473
100500907
100422964
101928284
9885
55629
1237
26278
286103
112840
115330
100847013
2994
80741
8675
100131434
81537
2713
64109
100996657
10772
693163
54977
23321
25943
8705
6538
101929448
101928151
51313
91768
717
101929470
574040
6044
3921
57466
646000
83650
50614
728233
55504
100616530
101929468
619344
3558
83656
55869
286135
23384
5090
100500773
100616350
9277
407036
100422876
101928988
63935
100126693
101929491
83648
1588
759
101928399
2852
100500898
1909
400870
3717
284836
80820
101929128
100313772
280660
100302184
101929765
114038
7920
157273
26831
4285
5407
26832
84057
9325
100873754
59067
100507118
100616379
90637
100500869
640
284837
101926911
26766
5089
100128750
100422905
101928416
135
692149
7301
101926928
55314
1047
26775
5408
101930365
101929953
652972
100616149
595100
30811
595099
595098
63925
100616114
166379
100133234
387911
1107
1438
100507166
84254
6529
11172
23060
93979
101929167
54069
51733
100506686
3641
100506085
2247
11047
2626
89853
342035
220136
5860
6019
100272228
101928223
1357
100874374
84222
100506107
56246
6013
100128385
100506122
340260
693182
101929076
101929529
85019
101954271
26827
26826
26795
23784
2186
286333
100287284
101928288
55848
2875
101929577
406907
157627
442388
101928891
95681
100144604
439931
100302140
83606
221785
55751
5987
101929595
113691
100652930
79716
378706
9875
259215
23240
84465
100506446
693234
152586
6355
440799
401410
29126
100847066
100847038
102465501
10471
101928791
100847017
8455
641518
100506499
101926972
9834
619556
79778
4010
400892
283587
728619
101929415
100313839
100507217
63940
285126
100422849
643783
8833
11162
4232
81061
79334
10728
100507632
57291
137994
150160
80853
6634
100616436
80380
100996296
150165
677810
25847
3563
100422995
252969
282890
9899
2103
100422971
152578
285456
58530
10818
143379
101927635
23099
338872
79789
374308
100422930
100873939
256710
283673
10886
8899
135924
128954
23256
259217
542767
151613
26080
346517
101928748
100873955
100506994
100873921
57542
5304
100506444
101928775
255520
58483
124783
284018
403341
6357
59271
90826
402176
100500819
4855
293
28990
221527
2558
143
761
101927550
3269
28232
100422967
57415
406973
2993
166378
80739
3838
93556
100874364
101928817
152274
7030
3911
259285
100128505
100873980
65999
100505641
645104
79804
55856
23312
516
146779
2658
84176
100422982
80117
23416
442459
693184
4947
100126309
760
2662
100616261
6257
221656
6941
22931
253827
151742
100302165
100124538
9044
101929436
100507651
5744
693183
51321
57589
113763
101929269
84639
100616451
668
57713
101928797
693143
51056
100616219
629
140707
403339
414245
285045
5919
101929332
100847039
8623
23765
140290
196047
285962
101929112
201191
101928576
100271832
101929352
56097
5098
5270
245928
101930234
220930
118932
80254
441374
84874
3178
9508
59350
348093
84445
91137
9649
4318
286177
8870
55079
158572
26138
146802
389058
100533182
100505502
7350
84687
5500
407009
100874056
401089
101928607
101929488
285141
101930664
101929951
151325
101927867
113655
6631
693161
100861510
728441
92086
91227
2678
101927421
401397
574412
101927668
83955
729627
4938
101928741
80740
2222
10533
100873750
64577
406939
146850
23461
10591
101928769
101927172
219681
101928402
101929290
9689
146722
101927675
285622
100507506
56683
6346
2567
27439
157739
100847001
100422874
57559
101927888
102466751
102465909
101930154
100287171
5747
80119
693136
101929535
7097
8706
5863
285848
22798
693124
100126354
400591
406964
400696
101927682
100507661
574502
56945
2911
574030
51265
221442
574503
1577
79658
442245
100422911
837
724030
56674
3727
6143
574504
10089
124842
101927913
100847016
280636
284950
116379
100129461
693164
286530
100288842
285533
479
5337
79634
23564
2019
100302119
25804
1548
54082
26958
9625
2091
100500900
7262
643749
101927972
340206
387601
100131205
25970
65985
5110
10665
101928436
101928400
100874041
340113
25957
253039
4842
100500805
23158
8227
692225
51728
100506098
221438
727787
3812
8128
100616189
406932
101928689
101927950
373861
100505878
693226
101060264
101928829
100505746
100616159
149473
283970
100616475
65983
10385
101927230
79956
259286
284565
79622
3837
100616178
100129924
79078
101927640
22952
729440
81688
100996663
4296
101928133
196792
102466866
100847034
400236
100856811
100507616
101928858
4586
54858
285780
5495
339978
8497
100287852
84908
101927091
283682
10487
57000
100129138
100847087
4948
100288562
254958
768220
101928495
729516
7881
2571
100874286
100303491
101929627
101929601
5260
101927460
100653061
838
56244
373156
100422887
245972
438
101928476
101928455
102546228
360155
1556
2681
221458
101930126
101929427
677843
101928202
101927153
2894
643955
100506462
253962
100874251
101929542
27440
101927129
9518
101927686
29803
401014
64096
56675
101927112
25974
4152
646652
245927
347454
100313892
407013
284454
57468
100302204
118670
407018
6170
7073
285758
6423
101929458
26247
26230
245913
407010
101929145
644145
29106
406957
64399
285759
245711
574457
101929559
101929480
200197
64285
23452
100132215
100422918
101929705
389384
100423012
100289388
1729
206426
126364
283165
388762
442894
101929683
101929704
101929501
101927794
101927768
100507373
100129129
440311
728586
100873946
101929726
101410544
728655
646268
379034
101927417
442912
442896
100506207
100422992
4336
85481
407028
101929441
442895
101928865
100616124
26692
89870
400456
400768
100616352
101927343
100499183
114571
9448
100873747
101928896
442184
285154
8993
65264
5052
693171
84255
245915
9401
3265
64924
442186
145820
388886
101927253
255130
646627
26707
3459
4676
101928921
83655
114960
7922
3122
79843
90060
83741
444882
399909
10576
100130275
442194
101926898
100422879
286178
400941
374969
101930640
101929964
644873
207063
126006
3557
65057
101926934
101928851
644192
388555
406897
100616263
26531
728773
221718
4535
54465
101926962
100506406
729614
768215
4536
401550
406898
201176
1549
80332
4512
693165
100616156
100616312
100616458
54798
4513
284576
100616145
4509
23224
4508
22846
442891
440040
8685
4514
26716
284577
101930271
653129
26095
100846998
8867
4537
643376
100422966
64167
4539
100874363
727699
4538
730441
101928106
101929473
101928124
4540
10981
9189
4541
285521
101929528
440153
4519
100506496
378825
255082
100616208
642864
100506379
57484
101929497
440822
101928845
100505894
101929034
161357
101060091
101927479
4666
10235
163590
100507564
100302242
7936
6536
116511
114625
728378
653781
653269
445582
404785
101928553
100302258
693224
643339
100131825
100506409
101927507
441502
6227
6813
150577
574042
57758
1192
26784
101929517
386597
256586
6442
440359
29018
440900
3222
10438
342667
677844
101928509
23366
3125
7923
693200
677766
8780
440101
9337
4267
7913
100996902
10445
163742
728936
100423042
101928930
101928102
100240735
692084
11230
101929087
6612
6613
100130935
406974
100188847
3326
117245
100861519
4656
56163
7258
101927591
100505501
10327
100132341
400238
101929081
57159
23629
114819
101927469
100616258
100500916
7039
100507303
389023
101927338
10984
100616315
84253
26788
80746
158358
594857
100240734
100287632
692206
101927769
55539
101928309
4350
100616418
100616392
100169989
84630
101928954
115399
693162
693128
677833
399823
157724
100126318
134
100302526
340618
101927020
406920
79747
100873974
101927048
100505985
101929745
285401
440600
100616294
693127
10193
100422944
100852408
101928885
100422951
119467
29767
6494
101927740
100289087
728137
649179
283303
834
10693
100996809
100507714
100507709
3123
101927392
26173
285074
101410535
6892
8618
1555
693185
81571
100616272
26870
26871
26869
26866
26865
26863
6060
100506475
102216342
100423003
494335
8315
100505633
51058
101928354
129049
339175
4608
100505532
285626
101928882
339829
693186
101060060
650368
65109
100302274
9937
170463
84809
100132923
6015
100509457
3117
100996725
653598
653505
164022
145858
729867
102031319
643160
5050
10252
100506681
2315
285627
101927082
100506495
100500824
407025
407026
100996721
644634
100505588
101928406
392196
406989
100652749
100616269
9631
442890
144321
8857
10821
101929475
101927766
55999
101927990
440602
7012
101929908
401264
400451
85329
3738
728730
2210
2209
101927708
101930052
25924
7955
101928924
642852
2260
81928
80007
5356
100125556
100506899
730101
8131
57182
54887
23063
100509303
100128164
80301
150992
101929757
1116
102546226
643623
11152
101928372
51816
344875
780
2550
388830
101929573
101929545
101928967
728093
10644
79955
7221
344752
285971
6513
7549
57819
101926904
101929538
10393
100874236
5791
100049076
653188
100847090
101929476
201229
100507392
378832
149620
693173
729689
389633
79902
29766
406954
101930545
101926890
693125
284992
147920
101928583
406956
406988
101928142
727897
284338
84918
101927286
6293
26953
693154
100126333
102465833
100616265
100847000
440072
101926940
101927310
100874016
100422922
100302243
4306
101928909
389151
7349
101929050
55018
101060835
3119
167826
100132596
7499
79633
3311
389152
554201
27309
284339
101928944
136259
101928883
100126328
27115
51256
374918
101927811
100500812
11072
100616241
100129029
100874039
90865
100124539
55006
204
7128
5460
101928989
101930157
101929832
101929047
8924
100616450
140893
650655
100131060
1106
51145
641311
101928235
100506885
348094
692110
729096
55252
100422823
101928590
284729
100874204
100113392
101928266
101929116
440689
692058
51701
219771
116143
641373
51513
100422894
100862662
388
101930244
101930114
5970
9276
9188
8452
100507431
100302127
222901
9790
406938
644662
574036
653604
333932
126961
100616386
50855
8260
693141
5538
441897
101928140
100506907
100506797
554313
121504
8370
8368
8366
8367
8365
8364
8362
8363
8361
8360
8359
8294
643072
729467
64342
11059
2778
100422938
123169
256329
100506060
374354
441601
100093630
677809
487
100616409
101926944
100379250
285629
4940
100506233
100616364
401237
89882
101928656
100616432
101926964
94104
56941
4358
7726
101928404
3118
100616175
101927734
100616325
255349
7190
645323
407047
100996579
100505495
101927142
84791
8490
64344
140628
1118
26783
100500872
728081
100129269
619423
645030
729177
23269
100616250
4439
414927
151556
79858
645455
729652
101926971
100506343
723790
8337
100422974
100506286
100996283
85379
285116
692205
6499
115426
100422946
100422902
100847007
1954
100506282
100500876
100874295
641455
84196
101927806
100132147
440570
8908
101929499
84961
51477
253175
9085
440585
100128590
339807
3050
100507062
26207
5704
91548
135932
54443
135250
100506447
8091
100616429
100652759
5597
100505795
400756
100287879
400743
9684
128209
100616188
125050
100133172
100874242
9278
100130298
29988
1277
3120
3042
55835
100874243
196968
10461
400604
102467077
649352
100422947
245912
199899
100616157
440041
1417
3856
349196
165257
101928703
90768
11267
100422987
100422877
101929541
100847075
100996702
647190
400794
100616484
100505622
55779
100313781
101927438
100616179
100616453
101929610
4287
619564
100337591
6059
400043
155038
2749
101927813
100506649
100422980
128826
118672
692157
101927693
101929628
1553
100422917
100422848
100505639
246182
8418
1415
100289019
101929565
100506392
102465439
10969
57151
400958
6891
101928003
100996307
10017
8349
9200
3040
3039
390429
100874002
406978
340351
26778
642273
102466748
340371
2047
100422893
158960
100506134
10767
100996251
6614
55240
100287765
100506082
441495
389857
8572
441669
101927136
101927876
441670
440700
11128
7832
4678
100329109
102546299
390431
168537
100616455
8338
26798
79317
642946
55929
101927034
100861518
619569
91355
8027
5920
79544
317772
81605
1572
80724
81127
100616338
100616120
101927171
100847052
677817
11010
100616335
407003
100302276
2331
122740
10864
101927895
27152
27443
100616191
677835
390433
100874011
96610
101927189
100126349
51027
100302122
1832
100507254
122742
388942
442904
6927
101927084
151449
59
10681
101927533
53844
390436
100874282
5837
100422985
100422977
100302111
3600
390437
644068
3097
54979
100423002
100422993
390439
28231
100287722
142679
122748
100500854
100423036
553103
100129027
101928663
406893
100616356
101928017
101928846
390442
100861402
11145
101927865
339505
101927093
154754
5549
51068
55297
353091
6018
157
144481
101927887
100500865
85015
9288
653238
101928862
114044
2731
100506100
100861548
22849
101927331
387319
100506083
100293211
100302130
25812
5973
92659
166614
101927139
101930600
101927761
101927274
26254
594837
100507331
645644
594838
101930405
26751
100302155
594839
100422871
9368
440446
113115
116123
25923
9686
57727
101927487
60526
150568
100616361
6882
10289
9900
101930611
101927337
101927360
51106
414
8045
100506801
101927783
100151683
101927835
101926918
729218
285735
100885798
100289178
54718
127391
101929331
101929631
1195
254128
161176
101930466
101928164
100507308
10524
222659
23160
29919
83733
728463
23005
100302270
129401
83481
149465
388182
125170
100302279
100302225
101927211
79035
130355
101340250
100124541
29785
84080
403315
442868
442867
9083
101927570
80328
101929648
101927383
3049
441733
956
101929689
7021
11017
152641
101928995
154089
283553
101929622
284998
387065
493812
101928734
100996481
5558
958
100859921
101927220
728024
11011
10269
406997
84852
441381
406969
222658
5042
56729
100500870
100500838
101928043
7633
101926979
645513
100874185
340357
1589
100616400
100302234
677818
29092
389247
442892
91603
219287
101929023
493
652276
51324
23258
100616370
100616165
101927598
401134
54708
3797
5301
100505583
101409254
101928484
286467
723778
199675
100130256
100616433
101927810
100506190
81792
101927912
101929855
100616391
401251
101926913
728175
100506178
100422914
387036
100144602
51053
9107
415
100505601
6136
833
154092
100422866
100616384
388284
101929002
100616177
100302117
119
414919
101927244
23294
2244
319085
89883
4923
55692
648987
101928304
101928799
653567
64065
27346
541471
112597
100288695
3987
8971
100289574
26226
101930286
101930149
100302177
406962
80329
100500890
5023
100507321
100313835
100133205
100422884
80760
1508
100507475
126003
101927237
101928757
4360
5696
100852410
101928578
90288
11276
81577
101929099
56245
101928277
101927293
100506963
100506126
101929730
100126331
84832
100422934
88455
100128788
55257
101410533
3980
529
100873924
91875
550112
693142
313
100505918
84700
134957
101927030
387316
11119
400804
693126
100616492
101929437
100996263
10215
101929511
102557615
2208
100874102
7754
26057
49861
101929947
101928565
347527
101927908
101929771
401262
85480
100852409
218
114769
100131814
101927801
153684
101928020
284632
101930227
57221
8714
100862692
221074
91149
11054
64405
100996497
728411
100506985
100996626
116448
339468
79100
644759
6360
64376
100506047
50508
339751
101978719
101930564
835
416
134147
154064
9255
101927295
80728
100616365
78996
101927830
100507404
26834
440068
101929423
101928596
100506161
558
10313
57661
101930556
57610
347734
23357
401135
255926
101929147
59082
101930193
55930
100130017
100289650
101928731
101928326
101928628
9531
65061
653492
81855
4864
55303
116835
643036
23550
101927885
644135
9818
731424
100423010
100422839
6358
100500818
9755
283455
101927007
100874270
25878
339390
100506229
134430
100616500
100500808
284688
8087
284344
285084
692085
167555
100616111
26805
57561
3455
201725
26804
100505696
101927342
101928650
10262
219445
23081
101928905
101928877
474344
5613
100996694
574445
101928303
90678
101927862
8587
2893
1298
55619
25926
56963
401242
440926
574031
100506368
2110
407049
100422868
4012
100302238
406895
100847009
100302178
406981
390651
100422990
574032
574033
286184
406899
7975
100506898
693148
101930469
101930014
79465
57055
57054
644076
692093
26786
414760
100126350
100130155
101101775
101930102
83447
100128023
5698
8821
100302190
1797
100287497
3054
5557
100996597
84153
101929335
101928461
202658
56658
128102
221584
100506783
51390
406908
54900
8930
153
100500913
9045
101927143
1622
4897
101927164
101929874
100313771
101929653
374987
101927064
202915
100313769
501
406903
8287
644242
100294720
285441
5536
100423040
1299
400073
100616468
100129195
79874
283078
442319
401022
101929637
100873989
57502
101927969
80737
100873753
101927620
26003
100846992
651302
100874281
54472
149047
26835
5255
128218
407001
100422882
406996
100887744
124221
100628315
8178
54726
100507406
646522
100616464
406977
22876
5481
730198
91056
100616119
283174
22824
283592
150244
100847076
100873998
101929178
10890
100128239
22994
100130476
101928280
101927927
728095
123263
5017
100507073
100422984
100616140
100862679
401312
79033
5339
9774
256369
150696
100616395
3588
339327
677774
84298
441155
9877
100507098
101928673
337875
81696
222699
131870
375295
101929374
149466
84140
100873165
283177
219770
101928353
388882
339975
285267
81706
101927412
100506443
100506046
51761
30009
100423001
101060019
51481
1072
79925
6890
441172
57492
101930299
101929963
80022
7536
1057
489
100506272
101927841
8420
6080
401944
26157
8325
57600
101927434
26768
6081
91316
51643
101930566
51006
101929566
7075
57820
692210
90410
84437
283875
6583
165679
8226
641451
3607
3454
59351
100616196
100846999
100616394
101929552
100506102
100422824
692073
677838
677825
85028
36
26809
6147
27123
56902
100130691
100507221
5985
26151
54976
83986
101927498
987
23786
101927209
101929452
101927542
390705
100128770
692197
692196
619498
60674
26806
26802
26774
26769
26770
149483
101927587
101927560
100616499
100616341
280659
30827
55088
6359
100381270
645434
101929587
101927805
101927777
100506421
28
253264
23770
79940
6635
652995
401164
23593
389434
100423008
100422949
100422844
10299
254122
401983
100132735
692212
102467074
131149
101930107
7156
1690
170575
412
26824
100847072
90987
100873755
152940
100113402
692214
100500914
644660
100302134
3339
391051
100506274
100130894
3665
6490
100500810
22921
407032
4794
407029
9061
151877
10409
100873983
440026
10903
101927027
7456
5314
5948
80306
100500879
100616180
101928460
101927513
8859
30835
255330
114569
100507381
23544
100423005
9580
100616308
100500905
6476
101927492
9693
26609
100500825
101929406
100873997
55130
3305
283375
100506866
101929495
100527949
55340
101930449
101930028
100169768
100169767
100169766
100169765
100169763
100169764
100169762
100169761
100169759
100169758
100169756
100169757
100169755
100169754
100169753
100169751
644838
126536
25929
64855
285577
100129196
6584
9842
27146
3044
102546229
90871
153910
3460
84262
80778
101929812
101929810
101929599
101060549
101060368
441081
101927934
1016
8228
123264
3304
3303
100616164
100169760
23500
101928971
100507489
102467075
100996941
100132529
26820
101930284
400
101927543
400748
692235
692234
100379141
148231
692200
83444
282763
26815
5947
246754
574029
693170
3416
26813
84518
10527
100616187
100500827
51285
100126302
51480
554214
594842
574505
145837
132001
664617
100124412
101927123
692198
11103
494336
84848
692111
376412
100616209
9024
138948
101928489
728339
338
100616498
101929531
54876
425054
285419
285830
80198
11329
100422919
100422834
100422831
100302278
7407
101930513
101930031
101928516
100847031
494332
101927120
81621
266655
60313
100616472
100616267
50854
574449
160313
101929189
340120
285740
101927953
3991
80177
100616447
1500
390594
100616375
116238
257358
390595
255488
100616481
100506804
101927504
414926
147463
392617
100423028
101927532
1587
554045
101927723
64151
101928397
101928033
693214
340073
340544
387914
7432
101929942
285965
100885780
100847018
101927648
101929153
3730
91074
25876
100131726
101927553
100616389
9844
729040
101928540
26128
399940
24149
406919
339788
100616234
100616260
27238
100289255
101927087
441151
100130548
144097
101928751
4644
339855
101927557
339483
100505994
9629
101927604
101927539
101928325
6049
100128594
100507557
57224
55224
339789
677679
101929650
891
101927345
100996427
101927109
101930532
101930156
100302132
10733
100500863
693130
28959
285189
152185
100506668
645460
56884
101928661
1719
3112
100505909
100151684
84910
729176
101929196
645339
757
101930151
101929209
388574
55784
6428
101927149
100137049
8681
101927626
163131
729178
100616236
4352
574441
439941
10081
83987
646324
101930666
101954273
100130502
340074
91752
22898
100287814
100506532
157376
285224
55228
101928300
101930401
101929979
100288198
5469
101928778
101927167
8379
53938
3109
101927660
28981
100847082
101927666
55545
101927055
926
100422850
100652772
8786
171482
101927683
101927588
55281
339524
55182
100506779
79917
100132565
283768
51249
55815
100506108
6229
114881
101930275
100506012
100616333
4939
100616390
101929520
100616329
100500846
150967
114795
101927612
100616131
101954274
101954272
26271
100507399
80862
100500831
100126299
100423030
100505768
574506
1059
100506757
134637
100505547
284340
100500906
349565
9597
100616344
100616380
2243
637
1024
646282
11222
101928603
646329
407024
407021
3652
167410
101929205
284323
389332
101928684
100616460
171483
100616212
7737
101927075
100500853
101929066
101928232
101927891
101929464
143879
5370
400952
101927765
100820709
10537
340581
4694
54943
100506795
101929176
728855
29062
101928714
100506393
729515
442903
100124535
101805489
100287728
57480
100500802
100616144
100126313
64744
100302691
7932
6747
100038246
991
401024
9330
51218
388007
284034
101927787
1026
402779
100506674
100128176
407014
729930
3400
407050
644596
5972
406900
30008
57168
3195
6519
100506299
100506810
101928677
100129515
101928418
9750
613210
101928770
101928709
100506599
100616439
158798
60496
6954
100616377
9623
730102
994
100422981
613209
100126343
9902
7702
101928525
101954265
101954264
693137
400242
51289
634
376132
100302172
5328
10660
721
720
613211
352954
100130954
400759
80072
10344
728656
63947
653160
100616255
100616221
101928403
6812
4888
892
100302401
101929438
101927520
728875
677802
157381
154141
100616224
389432
7148
100133267
245940
1180
100128993
340784
100130964
400797
693215
101927156
101927184
1010
8630
100652739
9196
728957
100616328
100775104
6907
646976
101928335
3167
81854
55100
100616213
729121
6369
100506142
101927259
79683
8945
144453
4340
645836
645402
401447
392197
392188
377630
2977
100507458
645784
23139
256355
101929234
400960
400761
100616242
100505715
220134
5789
100287559
646024
101928063
3814
145497
693191
89781
100616301
101927043
101927282
54516
57414
101928483
100288486
100287596
100379224
23559
101927111
101927090
9184
8269
100129075
202500
101927975
23328
127845
100506790
80314
930
26184
401172
2011
492303
653399
100287592
100874051
399668
101928820
7079
3108
101928612
55686
5534
151121
2976
101929221
401409
10732
284086
653333
85002
100302139
101929399
100996474
2618
149351
253639
618
9874
51115
56957
10810
100422898
8115
693144
100847029
406913
101929252
100287616
389033
25976
7320
22874
165186
102466723
64834
724022
728431
100616491
254251
642366
256297
677824
677804
84973
2266
100847010
692226
255167
100287902
100527964
29774
6998
101927925
100847068
692088
26799
4758
6132
5596
100423032
25927
100131320
79036
154007
1521
401463
100616141
53841
256815
100130331
286114
101929080
2835
285268
79686
23608
8841
143884
100268168
5552
387751
101927868
5903
100616398
55711
401613
283373
101929787
100616291
140738
100506238
3654
219333
101060309
100996716
100996517
100313774
4935
57135
1617
100500801
25901
286186
102466872
729739
101929172
79897
339442
101928305
54847
11100
100506258
101928973
339535
645974
340529
100616322
440905
4086
100422859
101928441
388550
6344
646023
100287948
64897
4669
440288
64946
100131193
92293
101928979
4337
100505659
101927152
283089
100506235
100137047
11213
101929333
5468
6083
3580
100873984
407037
91368
26782
100505676
101927305
84919
102477328
400799
101954276
11083
398
100616183
100507071
150946
5341
645884
8504
100505625
283299
57469
26255
677841
342
84901
100422860
154761
100616480
641648
641638
10575
257396
101928513
100422821
55365
728448
79727
100996549
388719
642569
9158
407017
65243
114814
653712
30818
100616305
29966
100302259
284648
649395
283194
26785
345930
100861540
1551
101927196
2695
357
92259
808
805
801
101930643
101930082
100131564
646074
266697
79576
101929780
121599
100616154
151300
101929328
23338
6368
26343
728939
102465696
619554
5287
100423009
100506929
406934
5447
677834
101929237
355
101927217
494324
10845
100500811
100129175
284649
151234
283902
10384
7126
100422957
57505
55781
5355
442902
100500899
100506172
64714
100500845
693227
389177
693216
339559
101927204
7841
1022
29080
26801
51429
26797
101929222
100505566
84640
693166
100288814
89845
693187
100874300
83876
100422856
6144
645683
101929072
100312957
26864
100616186
9353
100302228
64207
768217
100505718
10866
101927917
101930415
645687
101928035
100616233
162461
22822
100133077
100126324
402055
102465694
26821
101929069
100128420
100500851
730100
101409257
51247
26575
55841
85457
100422929
619562
5608
677826
202459
25902
112950
101929292
101929257
101929171
101927468
100509195
100128285
100616152
4007
8638
100505739
645553
10776
101929408
100287216
92345
121214
3030
100302743
100422863
100130557
100616220
389170
407034
93429
407031
64789
100129046
101927688
80152
101929261
100423027
100423035
8503
101929122
83985
101929759
8608
100126348
401258
79639
101929696
100288079
124995
9706
693146
5739
3909
100616324
100302219
388939
101927889
441094
401281
26787
100422908
100288485
100506068
8483
57699
101929093
677806
63916
100130887
677812
1590
10090
100271873
100500866
94235
729603
166929
57209
1576
375940
387496
4886
100616115
7146
4294
286059
9559
116540
677768
147906
55825
100506999
58485
24144
3659
101929439
52
100505940
101929966
101929827
101928976
101928344
101926936
101926901
100288102
493900
100422880
101926892
101927226
7302
146705
9053
29093
23436
100128006
101927945
646588
389641
11311
100616494
100847015
54994
100462981
283102
101928079
399815
100302112
8895
100500855
8312
54956
2971
80350
677808
114879
729506
114818
101929186
56967
503645
100616343
138428
554251
4889
100507156
113612
5523
4437
100616321
677816
3128
127396
54438
101929751
339529
100128531
10136
84076
729970
285286
100313838
4288
101929457
100132594
100505636
100302144
4988
50861
5871
79745
63910
7025
101928098
100302153
10103
100616399
100158262
619383
101929416
10642
253044
100302222
100507501
684959
56603
101928118
692063
101927359
692075
101929733
677792
11007
654320
440584
101929478
1499
55319
51151
440104
101926896
100996630
1183
80086
768216
101928169
56204
284702
10038
100996541
100134822
51128
8061
23334
148014
9543
121260
767846
158160
440594
285704
285643
25766
25865
100130231
102465440
285150
100996635
406944
440895
2549
1416
220213
440028
728989
10586
5252
339541
6362
166785
100616109
645752
283104
101926908
200373
100423039
440704
998
3033
286207
57156
101929310
100616174
101928241
6444
101929083
26780
8653
101927657
4194
101929592
79892
143098
92126
7306
117584
79935
654
9783
101927679
100652834
407027
100505794
51332
100996404
94233
2272
8944
83638
100422833
100873932
100507528
100750225
100422959
171423
100616204
101929609
25911
85021
101927728
101928577
101867536
121601
7697
100422943
64132
4542
286828
23118
255654
100507056
55317
158248
57553
406991
100616142
100505738
100873933
2204
101930033
727677
100616345
55016
407054
101928139
51645
3133
406889
10573
101927690
100126320
2519
100996390
100616452
406928
400765
6348
100270680
81794
160728
729307
10589
219402
1840
8324
128408
6855
100309464
729770
100289211
100302163
414236
101929184
6651
100302185
5820
814
6832
54915
4674
693225
101928008
729987
57722
100129620
677799
1046
65989
149134
100874278
51497
101929284
56243
9849
100847089
692072
101928270
26828
100652824
677805
26830
100302240
10332
100129827
81567
401253
4281
53344
26811
643180
94161
727940
284440
57624
100500873
11318
94162
55624
286343
338799
100507584
692223
653562
386757
1105
102467081
101928053
91801
100616363
728040
100302161
101929500
51232
406940
64084
101927288
100302275
132241
100302175
79444
100302281
158800
222484
3667
554212
100653005
101927774
284382
51290
256471
26503
100874330
101926926
100500849
284383
100616326
100506007
100302123
693138
646603
27004
84528
57210
346171
100506011
100505824
728724
10895
91694
100128126
11155
29760
101927266
55764
58986
283248
100302287
389874
131034
92797
8459
100874058
100506974
84236
8871
51082
641365
728963
23408
101409258
100874055
101927314
27433
51503
100128787
100509620
6567
57506
100131234
100507388
10009
254187
100500839
101928702
101929342
101929315
100500820
641364
406955
101929243
56664
4200
406995
4673
100616431
100132987
100505946
148867
55884
101929325
624
101929338
150483
285103
10446
100313887
100302164
10752
3175
102606465
100128374
128414
101929626
554213
401027
83989
219409
200558
693123
2668
100313923
56663
100874047
56662
84190
208
3651
100505806
148824
400800
3052
100616347
441025
285593
29960
221409
101060578
728013
729041
440894
100847051
10181
101927336
55854
100847019
101927707
152485
51132
101928370
379013
101928809
8437
3134
100500850
101928136
9880
1414
100616469
9715
101927944
7849
55026
1045
9092
101927352
101929651
101928154
728012
4802
11154
100113384
101927965
9227
100507423
92691
101954266
646625
256764
54361
9437
117177
4204
100130197
54660
100847048
100506993
7414
100423041
285847
101929239
554279
1413
163720
64002
414243
80055
94236
81532
4521
56969
7465
56165
101954267
84054
340533
101929224
79829
100526820
100422994
22901
27343
285692
91937
93668
6866
100422913
100847033
100616123
55520
101930113
101926922
101928739
101954270
100500885
101060696
441072
144423
100507236
2968
132204
116840
100313914
101154753
100422899
100422832
8840
2322
9400
60491
101928605
101928492
139629
100505681
395
9923
90632
353345
692091
100506405
4330
166863
23233
376693
56120
440823
642691
7040
7520
101929752
100505658
100505530
344405
7311
4833
100873949
205251
100505550
11004
30844
100422862
100847050
54749
550643
100302158
152503
100996735
100996732
645166
100422996
100113403
101929297
101927406
100874253
100288897
100216479
57018
101930541
100505812
57178
154442
84793
23760
100616413
93058
100616266
10044
100507334
51755
101927431
100874353
100302141
22
574507
101927798
101929425
100616248
406968
26762
101927822
100129662
100861523
100616449
54826
100126356
55738
388630
594840
4255
23600
54714
148713
653645
2843
100313884
100500857
778
4887
653677
90324
51314
100131047
391712
100422901
90506
391037
100874028
8467
4217
11156
81343
440279
101927829
6458
6459
152756
387082
401286
100616202
391518
441116
100422737
340385
101927482
51177
7026
23075
101059948
166655
653483
6719
100505635
199713
101929933
664701
144360
101926941
3567
101927562
1850
643923
55531
4089
646802
84285
283197
134429
101929721
286380
9244
100505879
100874313
1088
79884
201931
29980
1134
101954269
574508
54878
1351
102503429
693172
340152
101929082
732253
100422979
51011
101929420
100293748
221477
10887
64816
101928295
100423024
100302179
9618
145946
26034
1286
440386
26819
26818
401260
101929539
2734
26817
100506696
101929515
26816
26063
387264
265
201617
100616470
56979
101929460
440021
283050
732360
51077
441295
401428
101927495
80167
100287366
5680
5671
219749
101929484
100132708
57234
113157
27147
255967
10919
55049
51176
101929504
100616388
147007
91948
284898
988
54986
100133985
26070
641649
677797
91947
100302268
1394
2046
100506451
100169752
5239
27255
643201
387111
101928833
100507032
101927673
55611
100302169
148709
401288
23331
8815
80069
693196
100874239
100302263
9749
11275
27040
100506691
101926950
100507657
541468
129804
101954277
100507521
401980
100874273
63915
51187
154449
101927490
7341
285804
160335
440934
401289
81846
51264
101927516
283777
11157
54454
25789
123745
100616430
162333
253738
100129858
9938
730227
100506281
692158
4221
10943
1474
284900
84868
3832
101927750
8438
101954268
221262
92249
26
407030
26855
6066
407033
6343
623
3773
101927845
117144
100302203
100507639
387266
286094
497634
3480
6588
1815
100846991
51808
100616299
84815
100616254
7850
285025
440533
202243
387267
100422962
101928790
439915
100507043
11196
729013
619455
645188
85313
101927596
55102
101927547
400566
440023
6351
101928475
321
94150
23642
9304
9303
9302
9301
9300
9299
9297
9298
653192
129868
402778
94151
7581
57215
100616125
359845
1871
165055
401478
84875
283748
7553
89792
9727
337873
100423017
23262
10539
1025
100423026
102577424
54733
5873
9946
7791
128322
10204
100874054
10802
100128055
8777
340037
1285
10111
101929109
100847091
100847058
55655
442893
100422997
150538
101927373
10522
100505702
2321
100506305
379025
441046
677828
287015
101805492
101927137
57604
57497
2849
100506289
101929295
84068
100423034
100422998
202181
4761
100616427
406999
10992
51320
406998
100126319
26985
101927755
101927687
101927165
222643
101926978
196475
389690
101927886
284184
124872
100505609
100616207
440910
100505875
133584
100192378
3135
55295
693139
2982
100129434
101928203
93643
100506311
100616172
119587
101928132
283576
1509
10489
23163
9488
100847053
146956
100996645
10418
100422991
100506035
100874053
100874123
55186
728554
81611
712
238
100874291
132203
54868
1017
101927929
101928918
26789
283038
200420
101928539
154043
101927003
133015
55713
118425
100500833
100113380
101928569
100847081
101927527
101927088
644316
442028
441908
406942
58157
10740
714
399821
255189
100874048
115704
101928983
84865
23359
5956
5669
134187
100507547
80863
6650
81888
100302115
25831
101930651
101929904
101927067
100507171
400680
124565
693217
101927983
339400
23644
100506033
713
101927040
100128386
100616313
7011
145814
819
3685
3107
100500823
28992
2248
101929664
57642
100616339
100288570
100847056
100302289
83853
54734
406926
3032
100616314
285600
101928443
100616483
101927009
5830
100009613
101928274
54621
56160
9590
205717
79741
100616327
101928615
64778
693167
23114
84524
101927988
440567
7388
217
84947
6307
10395
101928009
2629
100189589
645832
7448
23336
29954
101928424
146325
203062
135228
101928942
101927285
9236
29888
100288077
51602
152330
80218
25859
80025
728769
345062
2048
219956
693168
101927963
55132
400710
399746
9521
387338
10819
3757
9758
731779
23426
80164
101928432
643711
51206
11216
85371
401480
80776
9522
26822
6697
101929007
213
400997
340706
100505564
128506
646513
389320
9091
94163
6202
100616268
728888
619434
376844
3105
101928963
256236
57621
641367
7404
729830
552900
101930489
101929867
2356
51371
101928087
152024
54901
5634
347689
7082
9443
644990
5027
80131
23769
100616448
100616210
344454
100422912
101928630
1123
150291
55005
645638
100847024
9132
101060234
1527
100126346
2166
593
100288181
654483
283537
55690
100874361
145788
26115
55000
101928646
4001
3702
101926969
80864
9374
389649
50640
101928101
100133669
5191
651746
4321
126669
100873759
10963
102546294
219952
151534
100128627
23632
219954
2794
11237
100423020
5924
219957
100505666
91404
100507140
64849
3087
219958
101929740
7587
64787
5609
693169
219959
6424
161582
101410540
101928248
488
693235
219960
10712
101927861
3605
100873740
654342
81341
58527
132
219965
55561
441608
102467146
390190
101060233
728458
2652
101101772
100873757
100846995
100616287
390191
116254
266675
100422924
2983
219968
8065
1363
23281
386746
11200
121456
55670
283948
2630
1137
90507
100128191
1630
51696
116534
51284
9404
5188
2016
2793
9879
55
102466721
100126303
100616473
100128340
100126306
55731
100126342
2905
101735302
83930
127343
100126307
10067
414059
54536
22828
100126304
100126341
101928651
167838
100500901
102546227
441666
54498
101929760
59336
84152
400957
1263
57799
101752399
221443
6290
91746
51311
414194
341350
121256
101928173
148930
26108
100506526
100873756
7092
221476
84539
101927031
7114
112724
51807
100506677
100506114
64396
84070
439934
101752334
101929124
151475
285943
548593
79008
100128139
23373
51000
84856
285613
728264
38
7748
344018
693160
6867
100423016
283659
5792
147004
692203
100129482
692202
404672
339803
102157402
6880
100129845
440518
101928567
102465503
29886
376940
729522
6492
100499177
28952
100507316
693140
133
165530
151484
100506540
80201
575
4604
221424
645682
4640
10938
3759
112744
11274
84250
6541
117166
5037
78998
90956
374890
100302124
1196
677681
90019
51406
100507066
163732
64837
56995
55167
645676
340146
23782
23140
3785
523
79624
101060691
8932
171484
286076
11104
646262
83706
84326
51225
677832
8890
729059
114899
100616318
53832
100128338
125488
55604
115123
83957
4999
80775
1388
3568
101929356
26225
80829
101928700
22906
1503
101928879
28991
101928978
401010
6405
101929857
445329
6818
100313895
22865
100126338
100616457
100507538
10370
10973
724031
1611
51107
146
57657
284365
101930400
1646
23028
5869
100616378
4172
339666
8569
606293
30834
692106
692087
125144
26800
10105
150776
5313
5675
8662
643733
11120
64427
346673
55117
657
677823
101929215
677771
9533
5412
590
65072
8214
1311
92552
100313773
1270
50489
9315
348761
407046
101927071
157773
4829
26873
100616477
100293534
343521
101927131
5892
51495
100124537
23787
407008
10249
11211
100130460
272
137868
101928517
23339
400500
84331
84916
149478
81876
100847088
1431
406935
284367
101927141
100507588
150684
25975
100616317
649159
196051
284186
406937
8277
3554
100505948
101928276
1452
654321
6082
100616295
25826
404201
100302201
151477
6618
400999
101927227
285016
100506195
100996425
26256
9271
494327
1008
64927
57583
219970
80129
100616349
100616195
57597
503569
58500
84056
729224
91010
56915
4850
101927239
100996348
101929164
101927287
101929144
254263
5676
55379
102546298
101930135
101928937
4734
89848
92369
654433
441089
100288527
8464
5775
55592
23130
5621
101928535
4863
100874012
126526
399876
84946
425057
83864
7991
100616118
79740
6900
100132815
100302126
100126784
100616426
51534
693147
100616150
445347
55717
347694
51095
92521
83862
26284
8643
91369
101928342
23627
6662
54869
3106
84632
6993
7136
2022
10897
693201
387720
101929064
140453
6090
100616463
100616117
153745
170082
404217
256536
9770
100133093
644054
643161
131118
8644
3575
83707
51347
642361
439994
80333
100847037
6164
197335
101928445
100302280
9367
9113
440888
201266
101927738
101927311
440915
51322
50859
101927348
1917
123904
100847027
10469
6453
200172
57574
11056
80145
406967
406970
374907
100129781
91526
6399
574455
100126355
94120
6645
606551
100129480
23237
25938
6086
5681
6085
6084
1109
51747
55844
642426
440044
101927636
646567
58505
148932
114131
860
388730
55294
155060
56034
23609
256472
79147
79861
2232
10554
129787
50485
51185
696
101927096
55101
57124
123355
646576
5929
4781
116969
100422931
5976
8000
1534
10424
23646
100422888
101929886
101929127
643008
116986
9610
5884
83857
3146
693197
283131
101927659
81556
2099
677807
407016
57176
341392
100507091
472
64756
153918
54742
378938
101927115
340665
101928446
102524628
101928417
254100
11201
100505545
100616292
140775
5625
100616284
10048
414062
6349
100422853
3000
10473
79144
417
22955
100996279
677784
654412
150274
1501
8481
100131067
100133311
100463486
101929889
6693
50862
101927828
100500887
4778
101930361
101929970
89832
100313938
677775
100288974
8512
677772
139596
92370
1592
79828
102466877
100293704
5670
100507201
101929880
23475
100302128
100616246
51527
165324
101927721
100287413
92292
101927746
285908
283316
5753
100288778
375260
374666
100506527
64850
10948
222642
5894
100505504
79630
7564
100505851
101927849
101929090
101929877
283897
100130933
2693
100286922
6510
150275
8891
2907
29777
50943
401207
57053
388372
9560
9682
100874323
442920
664
653808
25855
84304
1720
25778
147323
102466733
6470
4046
221883
247
285172
101929118
101928031
9813
10678
283387
5526
8743
94097
112858
100873748
285512
729887
282973
340811
1506
101927428
730013
374393
101929445
26999
100423006
100422960
100422886
100287098
203
100847014
162681
100846994
100500910
3977
100422956
100422870
100422836
7430
285362
10913
5096
101060429
6992
10208
440482
101928953
5673
51363
3098
101930006
143162
644248
100101266
81031
3835
59339
273
100505685
148189
101929709
7494
101928069
114876
100996286
2743
283232
100422858
63901
374973
79960
79674
284254
2779
102238594
406910
406887
80352
407056
4708
51337
84466
6048
10930
497258
6314
100423029
101927134
3338
102191832
5874
147650
100422896
340481
100616193
54553
10894
57584
5699
6725
57211
100874052
165082
11041
4846
9962
4800
101927249
390213
101930237
101929920
101937451
241
100313829
11074
100506351
2139
219654
80742
101927346
345757
100302156
89801
151507
6659
64864
101927994
100132074
9350
9911
2824
57552
348995
9120
442908
23220
170589
84935
1386
100996662
122481
101929210
1907
1580
101927896
3177
1007
100507012
148523
100506749
122046
100873749
84133
166647
283129
80320
51657
101928067
64411
151126
219347
3931
440461
23317
100652782
25963
693195
165215
100873930
100130967
81392
100616330
374618
81788
5325
100132078
439990
6668
407041
407042
101929948
101929572
168975
101928666
7582
100847073
4481
100616367
729678
30815
57633
93463
9861
158326
101927653
6888
100313824
168451
135644
10465
143244
729540
727851
84220
101929959
65265
54776
25770
7798
29115
885
101928542
7423
101928571
83861
89941
101669766
100132249
339742
123103
59269
10715
2657
729238
6419
339874
266743
64097
100506870
283140
83999
55329
23439
10808
25806
5276
116071
54960
3352
10107
79025
388931
55220
101928185
101928823
8550
386627
10335
102577426
283914
131375
387810
101928161
22818
100302181
55644
177
23
101928847
1994
162466
29058
414201
9784
89122
54460
4928
6657
100422950
414197
85474
100302284
4942
414208
693228
101928733
100616306
785
2286
101927958
138009
2742
100170765
100316868
1004
79654
402
65003
85441
151171
339044
100500878
9993
84759
90273
100616342
153743
152195
54762
10236
4325
401039
619571
6370
84771
100289098
100129961
619570
129080
100500909
643832
100500852
80067
100422873
23200
117289
100132399
100008586
729442
729431
729422
729396
729408
645073
2578
2577
2576
119437
93273
2981
80304
645051
525
200728
100422867
100101629
26749
101927489
100507602
2771
375686
25844
26748
2579
2316
100130700
284541
1579
10526
100847069
54512
645037
2574
100506606
80221
7433
101927702
2980
4205
101927210
659
406915
150763
101927729
347862
100507600
692099
26472
83869
55410
54221
6752
27090
7903
80323
729428
100128081
100302288
158866
27160
246330
8733
79812
1089
26281
101928243
388965
55501
2281
344558
219972
442191
266553
390195
677765
9187
2187
219981
145783
54816
100861468
219982
133690
219983
101930209
101929850
101929823
101929822
101928706
11199
6821
285708
390197
29907
22887
100616397
9129
219986
5025
3955
390199
10570
286097
79692
145249
100616493
132320
1087
100423043
55163
100616360
6560
100288346
100616417
100873962
5007
9382
440157
101929241
406941
3920
25807
101752400
100129345
353189
5331
285191
100288637
89839
84467
158219
83443
23301
100422855
200772
9023
1160
400533
134553
158747
100996478
387885
100506497
349149
203100
23306
151790
79772
100847004
145173
51639
8676
101928940
138429
2041
100128830
9028
5129
677836
101927590
221927
260293
101929574
80818
1048
399829
23165
100847040
100505784
729447
79970
440452
84624
26205
219988
101927671
574448
147746
2543
22909
51352
340017
6468
148898
83877
3988
1175
673
653509
53405
5111
7366
10072
51201
79039
283143
619553
79770
27302
122042
2954
338739
6928
6920
399669
57716
144448
284716
55832
4189
199974
151112
79986
101929773
7365
8818
8712
57703
23522
2319
2909
101929911
10273
29901
23504
55601
8767
9332
84217
140462
200504
100500911
729877
729873
10151
340205
7389
63933
414260
619207
29883
1303
100616247
101928194
8754
148145
442909
101927780
338398
100506835
112487
100750246
259287
328
3196
55364
100422942
29950
100379249
4861
100505835
160140
101928440
26064
2856
441294
5979
442910
197196
10129
26509
100847022
10914
101927206
3596
220980
22834
399665
284395
646113
100302261
2130
100129424
101927289
100302212
165545
150864
80224
56287
79717
101930379
101928422
285966
10260
6487
734
10203
10158
56947
5672
286554
3708
140456
4709
54958
101930257
728323
563
10004
348808
157693
101927277
9506
29946
101927455
23211
7140
400084
23451
401074
7402
6886
85315
101410545
646762
100996624
101928259
79170
151011
6619
166336
253461
64375
124857
100422955
203245
100616437
619343
572
645
100507144
162540
389856
645485
539
100287314
85465
133688
645206
375190
79501
7138
55616
101929819
100996768
728728
10140
653687
203429
3983
100129407
5277
729759
81399
26683
114327
1636
4683
399491
1184
100129518
6648
8808
51750
222663
5245
100500867
4191
54893
23617
8220
339123
101928557
139599
645027
7586
9646
54209
133482
442524
51260
23098
286083
100996437
100996665
89894
148398
100506542
728621
100996490
4150
729156
5806
1894
101154687
100507435
550
101927411
57692
146513
55287
114789
148808
79865
100616354
100506660
51650
732275
101101776
414763
246126
132321
27072
79799
124936
53831
100509445
144203
152078
646799
6491
2277
64968
101954204
282974
63943
4137
101929011
11168
56834
582
2928
101927719
57731
11316
10055
101927752
29989
137492
546
6526
5678
693181
390010
154907
25946
6576
6925
675
163227
8544
8760
84105
9992
2005
112476
101930624
101930134
84219
9540
390963
339
23248
9173
83943
64077
54065
139201
84129
100526771
84125
646508
100616311
85003
56999
6938
8837
283601
9383
9589
101927836
401103
10590
692076
2898
85414
59340
5617
147804
7503
101928147
79447
91351
3753
101928536
146330
285852
132228
400684
242
7173
101929133
9581
100616376
57152
133619
26056
6168
29102
649946
400550
124149
100500883
693133
137797
8450
222161
390201
100500840
64710
10634
57575
660
90634
25925
55384
9961
8852
143888
79006
101927464
80142
4848
54674
574459
574458
101928614
100302255
66004
574460
7035
574461
101927877
574465
574462
574463
6809
51727
100505687
440390
80054
7866
3688
101928623
401320
574464
693218
574466
2054
654346
284194
101928708
100302265
6623
1982
574467
574468
4680
574469
101928682
132430
2542
574470
574471
574472
100996681
574473
1827
574474
55454
39
574475
80279
349152
574476
574477
246243
574478
574479
65990
7629
574480
574481
574482
574483
100873979
574484
23288
57126
574485
203238
574486
10633
574487
54752
574488
54510
128674
574489
574490
84240
574491
574492
51646
9679
574493
101928015
574494
8934
59344
574495
574496
1084
574497
64426
130026
154150
56261
167127
9108
50801
100507421
100422988
113130
57733
57669
100101121
252955
6474
101927870
101929027
23613
151
59272
2301
338599
10443
84570
10974
51434
2306
100288690
51286
79853
23086
394
124093
5599
3934
54555
101060421
101060389
101060376
414060
84218
54948
554203
3485
4904
54102
81606
8771
140767
55750
221613
574498
101928659
6760
100302205
574499
255626
574500
5901
101928737
51207
340307
79603
101927102
9573
10891
100287015
162
3267
100507530
645332
100616185
442917
442916
101060236
359787
10050
2694
100129800
100508046
147719
101930003
100294033
9747
442918
54165
10139
400553
643719
200010
324
254428
6950
27113
79901
26155
5097
23657
101928880
25858
101930655
647087
100873760
222183
1662
85417
1666
4665
7542
101928269
100506403
861
54475
100130342
57643
8218
400685
8581
100129385
63946
6947
23047
26093
8766
57510
2765
79751
100996671
51479
2101
26266
9117
3565
57393
221
7009
79095
101930349
101930344
84952
645591
100874206
100507206
100126325
101928780
2746
10330
100302692
1584
84842
23022
51293
347732
253558
64180
102465529
80222
11238
148811
147015
255783
54796
101927902
7137
2595
101927132
100507210
170482
728
406891
3433
100507534
27315
27202
79738
90809
100616372
100616348
84619
170425
9087
6542
4602
79998
339451
399881
6223
8233
6838
100130348
8970
56952
221002
9704
100652909
28985
1870
221687
101929624
29074
101929646
100652911
92255
84264
85235
8969
8336
8332
8330
8329
22875
360030
100652791
10423
100507261
101929662
100128675
100313777
101929684
101929876
100996747
6231
406918
1585
7020
5988
8905
3399
85236
3315
51504
25819
644794
4744
59084
64174
5066
431705
3488
729799
203102
54558
449491
219990
8092
100507300
399947
84934
92749
738
449492
353513
9084
54210
1101
57531
154197
100616403
54093
9182
100313830
449493
79923
54875
84069
793
344022
85463
100008588
100008587
102464835
100861532
100008589
10274
4061
1844
100616127
115019
932
729262
100847070
2925
5307
973
3678
8553
9365
7141
221122
23066
102467212
100616281
645864
25824
101928200
54923
101928812
100422846
3292
9436
8563
338694
6135
3437
100507436
399886
57477
10322
10279
6865
9472
11127
375189
2253
1998
8372
100616331
100616310
84923
56474
115811
149461
6837
101928029
58486
387895
5382
4701
4142
254359
246119
150465
8445
653190
6150
90627
114882
100874249
101929807
56922
9454
100313770
100128682
374378
55207
113419
7589
7532
5157
101929859
100507384
56910
84808
25792
100874198
101927515
80313
2065
84871
136853
100996485
220070
100101116
50858
6568
56731
100500844
29071
64428
84530
399923
22829
9812
9043
100506469
653140
283432
6234
89
352909
643311
9697
283106
79166
51473
1781
100507170
728096
728090
728082
728075
728072
728062
728049
728042
728036
653282
255313
6456
5962
4860
4308
11281
10094
8972
100820829
145781
3482
729533
100873982
101927228
101929821
100653066
100653048
10427
100913187
200315
8809
100287083
170949
79656
11235
169200
9366
6434
55316
724068
64175
100101115
252953
6778
873
8508
285407
795
92799
283234
246122
389558
51319
9695
553
55331
442911
83639
729582
57801
94056
1665
9180
101929219
440712
144195
100101118
84673
440117
874
192134
113235
9732
55031
693122
100500807
100126317
56918
23555
149840
65981
439996
10231
100847057
664614
9636
54920
140685
64168
442919
197187
254272
613212
3434
1510
9308
9048
726
101930555
100616167
7108
80704
4277
9555
102467213
55062
53828
27076
1114
5983
79871
9980
100505585
9138
100509861
26470
135948
140701
81797
101927592
26211
375790
135946
26529
2206
64067
84061
24138
6161
55787
57509
6441
4595
767558
136319
825
10360
1996
6364
23345
84172
100187716
51302
3458
92949
53373
26353
4922
51605
100128494
51454
100422953
101060322
646127
145748
7165
692107
6558
246744
200350
100289580
406916
100505710
100652853
9924
339059
101928992
84168
159125
5013
286122
2263
6924
164781
51621
1893
160777
64940
1129
55654
653464
647135
23380
256223
64231
283860
10254
100127983
24142
55028
25834
100996542
2917
339184
7145
9670
5514
101928108
161725
10232
84709
285638
653583
339926
4062
80727
170691
57189
5931
101926959
8749
11159
57095
101928894
3185
55529
51188
100128890
7784
100113391
85495
1767
100616368
84869
4771
8557
100422827
100422825
101929776
284058
100847020
692108
143471
100507401
23515
57002
401431
100847054
408263
55013
23326
100289673
729288
100302159
101928943
4717
5409
729234
3720
84515
10147
8722
80331
100862728
63950
400558
254028
100616222
9381
84073
283383
11313
338328
116113
55367
101928555
101930593
100423000
406931
101927863
51633
4820
8728
130557
50618
100128881
393046
728053
286128
392138
100616410
346525
92291
101930303
147166
7551
442361
134526
1139
135941
158297
6861
101929084
81488
100128553
3373
728190
442899
11124
80219
100616490
445328
204219
9641
839
9922
353219
402317
346528
285033
57630
101928886
10670
401427
256949
100142659
29995
9210
101928968
130075
172
170685
54963
101060351
101060321
100510707
654341
100505678
441317
26814
6130
9185
399818
56917
26960
100500877
80347
1759
80195
3691
23601
219670
6502
1802
55231
8208
54801
644050
27031
3481
57380
5764
5726
147947
93082
728290
55190
55794
6649
7290
9973
2738
174
101927572
113000
100847078
338879
7984
9481
84279
4188
283578
2230
121355
25805
100506930
643680
55180
728218
91050
51129
100873948
10477
79943
203611
9426
23708
390443
741
51066
644189
161394
728752
28978
389421
2100
6875
160419
5898
1031
65124
101927599
401934
83593
23474
3329
101928580
11194
122945
2197
115752
80155
136541
23562
81579
114915
101927597
11149
100616215
2939
2938
5794
387890
170394
51057
8807
100287896
4810
284546
4804
155185
653489
285190
100616402
9391
116093
8986
284346
4975
26994
84667
8621
9162
645121
6493
101060510
101927250
57569
440970
386758
100616495
9352
340340
10980
101930608
387700
9230
140460
4775
100507274
100130742
254887
100128252
55823
146771
80309
101927272
10961
6580
5496
1281
400508
54991
1939
9058
101928635
8854
101927616
63922
7515
9500
439965
414241
400578
93210
57473
1349
101927313
6322
51081
101930531
101930278
100996779
100289097
2483
533
23225
6543
253724
101927334
101060604
100271836
81893
100288255
448831
221472
55759
389015
723961
81033
55577
100506321
3141
100291626
728410
653548
653544
653545
653543
652301
26583
22947
51338
23176
5616
102465449
84447
164633
140700
538
220
51294
64208
100288494
100288289
441056
494551
113878
284252
283080
55954
6582
100128233
102465532
5187
123
253982
101927637
10574
100500842
100653046
100288657
100288593
100288627
100288557
100288523
100288466
100288433
100288398
100288355
100288325
100847077
112399
142891
101927621
5550
84569
29796
83893
100847041
100500917
23335
54507
100507513
3630
284408
115111
6742
100499227
24148
643332
859
54675
100130673
159119
86614
619565
6181
101929718
768222
574450
442900
53820
442905
6079
100129460
114599
100126315
100134040
27122
574038
574034
406914
574451
245802
406927
9604
22996
100500843
2801
692215
79104
100130015
283214
285972
10742
100874037
55801
50674
116447
100874038
51257
255043
100134317
79896
100506113
102466878
100288687
100500856
693129
219738
252948
51227
8444
101930567
101930130
101929824
101929038
101929008
55203
728643
664709
286002
101927720
101927494
53354
642843
3071
135935
5021
100422969
100500830
693134
100616161
100616176
400612
649133
693210
139105
6834
11248
283985
23172
57512
391
136647
400046
58475
2582
101927364
101929227
23635
100507433
54962
2651
84164
442915
10645
100505619
767561
50616
101060588
101060580
100996890
100996413
51764
23580
63894
253980
80723
518
102467079
91298
6728
677842
366
92999
692227
25979
401250
83867
10432
101929110
767562
767563
55022
22871
388199
767564
399959
8704
54764
10389
9261
100507242
56852
6581
6786
55867
389376
7416
164312
54537
92737
441212
11133
122651
128977
51184
8202
22870
101929059
2515
3698
135656
7054
54345
3990
361
406911
8405
153643
64788
406882
5922
102464831
146880
50831
406892
170393
79783
10786
55612
100526737
5936
100073347
4690
57577
50832
4750
253260
124590
4081
101928813
348938
54429
2747
64976
101929736
440184
6840
84062
100505978
341056
3586
5573
6792
28973
2768
4670
4291
10724
85391
29959
85390
85389
9201
55667
2010
284100
3632
390940
644554
6919
740
1488
4018
285973
100616319
493901
100631378
9824
341799
2892
1347
92736
50619
8425
136242
100507468
29949
6038
341032
64397
100500920
100500836
131377
27010
7353
102
100862680
283624
90488
114034
93436
126298
399473
441531
399948
53904
142913
7326
6247
6515
155370
9645
57701
728118
120376
4170
50604
9901
254173
1305
441251
84433
79177
387778
284191
2060
100996906
10517
5340
221400
84689
3426
6835
116085
100506457
57409
101928620
5450
347741
9320
5604
171546
30812
375757
5274
8834
6549
11009
654322
55837
5230
80856
6755
57649
2267
7554
10007
7443
8897
5564
101929162
390664
5475
83539
57700
100507065
60467
101927023
27074
100507291
3155
152206
26995
283854
843
643714
2822
219348
100526761
54937
692053
100500884
319103
260294
155400
56890
10420
54629
10302
283
6240
173
51561
286495
7267
100616163
7942
442720
3676
100996679
6134
23640
1000
284439
4522
83759
10876
101927694
823
100506413
100422986
100463482
100616298
124446
83868
114793
64184
100500817
100506474
650
9214
79134
284257
79800
10567
9223
6039
54766
64764
6773
51046
100505845
253573
144233
6035
51117
254827
5899
101929412
7417
166824
2517
8912
25917
8187
54929
9480
101929494
101927041
442582
10287
100499171
58533
54549
6194
283352
23017
9379
101930471
101929340
7905
2029
100507283
101927059
54778
27429
6712
728591
9344
2235
9616
399949
5108
4216
2119
4987
6010
220992
256302
5256
9652
101928012
340485
8775
5284
94026
595097
6124
54433
100847064
7941
150280
1269
6447
7919
346157
198437
132243
101927100
79885
2064
140771
64232
693120
2832
100507131
27333
2673
84504
79691
503538
25769
153562
79705
10999
146862
100423004
100422961
440456
101930243
101929865
101929950
101060212
7738
142940
478
100616168
3976
10692
100506634
4661
51030
11063
7837
5225
100996792
5606
3625
931
143903
83953
100170229
100131691
5008
102466194
80004
101929240
23020
9585
153657
29113
8340
10408
65996
8456
126299
22800
101928729
170679
58504
101927699
5292
101927233
1825
199731
100132116
100506658
643650
4300
767565
652968
1182
767566
100616192
100616128
8784
3624
767567
767568
639
6836
54860
84215
100422928
359
23111
100506036
8773
9094
201305
79823
25823
2736
642826
414216
23649
79098
345193
26033
84106
100129935
57104
503497
404744
80018
51091
862
5329
64499
55251
7293
55432
79811
100616203
26585
6844
101929533
54777
8449
101928036
100616153
102467223
55209
1041
729991
4207
57467
25794
11113
23129
100190949
5645
5644
201283
1950
8284
131890
767569
221357
100500896
100302152
84804
54974
362
84446
84330
53833
79969
221468
5467
7957
342184
56895
51150
283987
8900
283598
51148
55204
483
2201
55810
170680
7177
29998
100507459
10435
170954
100507002
363
4176
283229
100507495
5208
100616271
56269
387718
767577
767578
3620
767579
85476
767580
767581
84953
767582
143496
22856
5977
79718
221935
84314
83874
8829
767583
767585
767588
101929369
101929010
8479
23659
4677
5036
767589
9474
8403
30819
84695
54535
55165
400579
2051
54969
2737
767590
11270
719
23430
23235
101927038
400120
100289473
56006
79623
30846
51208
1824
5994
100616416
727993
100505692
83661
100505576
51268
64919
101928187
101928153
100996345
54914
130827
100113378
80761
100302138
101929454
692213
5071
4093
677831
692201
101927480
8968
8356
8357
8358
8354
8355
8353
8352
8351
8350
26793
26792
114822
285540
55300
342666
55829
643911
2122
767591
8331
767592
100134015
767593
767594
1290
101060405
100131998
100506084
100294341
51326
375298
220359
100131347
8342
10311
100271849
6945
100302282
406896
26047
7597
7329
344191
641298
133686
55742
728228
219995
100505811
283899
100506489
25994
430
255252
79703
10291
252950
29063
29880
347744
134353
101927280
252952
283130
338557
5519
101929735
25977
84269
3239
29902
6737
101929472
100996266
100507629
3238
8318
1774
100616307
3576
146861
441631
8341
100126347
643406
101928196
9656
29125
6718
200634
149837
83866
9133
5205
725
284417
119774
2178
728239
81557
79020
3336
390036
102467225
9685
162394
119772
101929207
83734
54363
51716
143501
9562
677847
375323
619568
5950
135138
84072
143502
9057
7580
84085
29127
400946
169355
390037
6037
101929244
407015
3237
140947
255025
100874095
1073
100506725
6036
101929265
497189
55128
341116
1517
100616132
11340
101928545
101929288
101929312
977
10238
56255
6387
7029
2940
51554
101929505
3009
550631
767595
6263
83786
101927735
389692
3236
79080
101060032
729252
4957
101929917
9495
101929524
474170
9884
245938
26767
55959
126792
56892
23144
55142
101929329
5683
81623
101929371
100529241
25843
11251
1859
388581
5146
100131208
57187
10077
140850
101926906
4736
100506123
100506076
84311
22890
100996567
55754
79698
167227
406901
22917
51204
94005
245939
101929106
101927808
57705
202
1238
693204
140881
722
10246
3783
5153
283011
169436
200312
79876
100131733
643529
27247
84693
400830
101926924
22932
311
64419
8604
134548
29997
4762
5810
10149
9444
101927789
285696
101926942
84787
9547
55040
101340251
79792
101927710
4643
3235
114883
23101
134549
100190940
118424
101929693
64745
29945
4215
653786
153328
101928001
7204
127294
51364
3234
23236
10199
1879
2498
401494
4190
7122
55633
55660
80762
390038
23541
143503
80255
3763
10817
203068
81285
23390
283856
2533
767596
6574
100287718
767597
427
100874343
10281
3456
767598
101927508
27339
767599
767600
26077
56547
767603
3467
100500891
100996664
3452
153642
57410
57109
81848
101927875
400511
3441
4500
401177
84677
4224
8625
3444
101928271
199221
4498
3446
1604
283887
1663
161159
1814
3449
100188893
29964
3451
256892
256356
100506655
100507562
2246
8938
3448
119695
3442
5441
5413
2812
693219
119694
119692
55958
100287639
140680
401665
645949
3443
119687
130888
2901
5908
101928198
9848
101059954
3447
81282
55578
79324
3440
6422
100128640
101928138
3445
3306
3439
11177
767604
767605
338376
767606
284348
125965
101928273
168090
767608
767609
9986
401021
3233
3232
767610
767611
23040
3772
145376
767612
6372
494328
84816
693121
84193
407023
100507389
9060
319
285180
1520
4507
5429
494329
1608
5197
400961
100302250
51699
442897
26098
768212
4163
8448
145241
51125
100996701
2919
79073
7005
7106
85364
101927832
5636
401666
5196
401667
6901
204010
6666
84138
119682
6627
119679
51166
5473
51537
60386
119678
1823
57639
8914
10846
8348
841
406930
390054
6374
96626
6433
81697
54972
93653
23538
79796
151473
80023
283111
29842
2921
2733
101928159
93654
3043
51226
10237
5091
2920
6228
2572
27145
84983
975
100505782
151835
26212
257218
80184
27345
3231
2078
92483
54785
1828
80233
55503
266629
317760
2941
100616454
285601
441024
1029
55322
101929148
145773
286557
10211
66000
440119
728798
284349
54496
9212
10651
10568
118924
7003
442117
50856
441543
84672
1380
3431
284418
252951
339778
100289150
100287826
252946
100874207
100422923
26160
100506243
9311
100873741
147409
54757
2674
84128
3045
10475
56302
58985
57761
55299
339929
6862
100873917
399761
407020
3589
101928075
135927
100874027
574408
646241
574409
100996843
100134444
3768
643236
574452
2199
100422837
3578
3792
1513
100126335
283888
574453
115939
83863
442913
64983
724024
64763
100128079
55506
51146
26054
342908
1030
100506411
147744
163702
51809
100652931
159162
285800
5332
100126340
664615
494325
6171
100126297
4054
730394
728340
1582
7634
388564
317671
255324
7851
7596
113402
51163
63951
4779
6339
122011
201633
28965
389114
100507633
26030
100500895
693131
101927058
645079
92270
284904
51296
100124536
84572
10616
8805
3024
9253
3047
2661
55003
1993
1830
83937
11093
101060794
220594
147093
4326
2114
100302157
339263
9025
284116
100302209
84296
11179
378881
101929974
116437
494330
146378
124976
7862
664616
664612
51660
100126345
664613
724025
130132
100131138
4830
729723
221545
7718
285266
30850
7638
5455
91607
91893
1829
23072
102465483
6158
153339
80345
100996332
83723
5787
64965
84435
7287
392843
100129669
284958
4867
221395
406
7711
100507113
27332
6899
286144
730005
100507472
5046
126382
768213
10906
8624
286319
8335
3012
8419
230
80774
5452
10598
79071
10641
100131176
374355
338797
144715
79886
100616256
3396
7276
100289092
57822
3148
54676
100500835
3018
78999
51522
101929175
55666
64718
124925
6196
84872
101926933
3048
55278
100616424
26137
1378
3950
348254
284047
101928618
5160
254439
25862
84883
10631
221937
1463
202151
57099
8819
406990
100289188
220832
100873941
100126336
9245
9514
2028
79178
51616
91683
22944
319139
100128822
647323
9373
2069
84896
100462977
100302246
23070
6709
9331
150771
51433
100506377
7773
100616465
9907
54584
5502
727738
374
100507674
923
100847085
10514
65065
2958
404037
27089
26118
8520
101928934
84002
66005
85442
64776
3046
53345
100505902
285389
10875
55449
23092
3006
729085
474151
474152
252949
375513
283951
8648
1133
9
11101
7124
7673
331
90070
100131539
440077
1410
116983
56851
11067
101928375
23510
4050
645811
2885
23231
84892
4968
266971
153830
10351
79339
3475
619555
10534
494331
92335
116842
406924
79345
574436
10242
663
202865
440854
7766
119548
23481
728492
8293
574410
23023
147407
693220
406946
100507175
51015
390058
101928104
55698
101927901
1379
23625
101927049
54103
29116
100847008
100616316
3316
55512
100128002
100500859
4898
6729
91894
101928122
677827
92935
390059
677830
79680
440435
150468
390061
80173
55055
642475
390063
390064
11341
8635
6415
389676
7360
118856
151188
390066
7940
50613
728635
27338
10078
100885789
254102
6496
9477
51250
9464
23327
389840
90529
10
100506217
90827
27125
1186
101928141
100130849
22848
4035
342909
30837
54014
117159
66037
22878
101928843
729956
405
101930187
101929998
51596
134510
143630
101927981
202781
64847
26223
26269
83942
10736
3579
128637
84299
7767
130106
284355
2766
79763
644649
23332
7390
101927580
3077
136306
80169
390067
83882
340980
29984
57794
54861
100874264
1796
22858
100616487
64848
137392
7915
226
3577
57673
64393
23362
7476
100302113
100861514
84280
100289361
83890
6948
101928215
3777
137964
100874031
93100
160418
57107
100885796
6169
5369
117854
27023
25852
56925
219743
85458
23344
259197
921
10109
29986
57580
29850
55133
11250
118430
64922
54978
80817
11116
22992
51054
197021
7223
100287515
7637
8408
8536
89887
220988
55106
100505624
7574
80024
9392
3593
131909
101929728
339665
57106
1457
654364
4831
100009676
56475
285359
1406
51275
54518
152225
7518
171019
57636
150290
147
55048
7010
55129
654816
7045
125206
6710
79591
57608
100128054
23037
79934
25849
118881
5918
7265
390667
400617
161779
8812
7768
4760
10800
6822
4091
100101120
101060193
728242
9502
57185
4179
100131137
9894
284297
10476
9179
10780
79768
5308
30061
1058
56681
5406
100861520
414224
10951
64100
203430
89857
30011
653220
653219
653067
653048
9503
266977
7260
55084
24141
349114
100847030
10474
100847046
130951
25898
474149
474150
114761
100616336
100302738
81853
5741
2846
1235
10587
102467226
126789
317762
100127206
22836
2908
23762
340107
254042
6744
101929842
643834
134218
6607
6606
101930324
4905
7769
146857
146198
337876
10096
84188
5290
3859
401285
6953
1737
9326
54474
54586
100422965
283867
4088
101928188
27334
574454
440352
2596
101928789
11262
63898
100505716
220979
2853
156
5865
23397
2886
3094
9840
400027
8454
3784
9263
54346
101060318
9086
1020
79817
55138
51234
92558
79074
2310
403150
56344
84636
41
100526831
283450
3248
9742
10093
56832
100422895
9452
93978
100506733
153163
11123
10564
445372
53840
705
100379132
101927733
3150
2289
646643
100288798
9587
51569
1001
51060
100144748
203228
338339
80271
83887
677829
56896
100130827
6310
100996246
400746
101927178
283635
84858
101927379
7570
163033
8605
54941
89891
5728
10505
79290
5148
64747
84922
100505774
120379
284325
157848
55573
8433
57144
7745
101927838
26253
55790
494326
27287
100126308
574413
574433
90624
442914
574434
724026
101927063
101927826
150726
100507257
341640
100507250
114805
286006
51444
643847
5222
22880
692209
29893
162989
148156
101927104
728558
26796
101929422
2274
158038
100130075
112970
5334
100422948
4284
80324
171022
1466
285889
6507
11068
256380
3552
693175
55744
101929443
100526693
10250
100874114
100506380
129790
100507277
101
643401
145501
729083
101926943
4045
2584
283377
91408
100289283
646817
6418
100190938
100505865
63926
7770
94015
84517
101928123
101927726
50617
160760
100302145
256643
101928165
23383
161003
130540
252954
85509
101927792
1312
221421
101930384
101929418
339229
48
100500889
54800
442901
57379
116115
7485
114825
7746
23590
339230
84439
154860
100616486
5464
4780
79652
100233209
101927462
161
947
80213
80209
100616158
124975
151306
147807
100506476
9121
2172
100507290
27094
79719
2931
147808
9372
94025
27165
83938
85363
11073
51157
728537
9869
100616282
3021
3020
342527
55012
55892
7200
729862
154467
57585
51545
100422892
101928716
26140
101927062
1462
101928744
30845
11070
101928773
399687
285954
125963
5198
10865
1936
90586
100302227
390882
101928795
140032
102606463
55216
29903
125962
100616478
9517
101927135
256714
390883
6525
29941
645249
14
11231
391356
999
654254
1028
534
2745
3553
387921
57693
102466911
9772
266727
144455
387032
54799
8001
123283
150082
100533178
102465435
54973
6616
100506498
5362
100873954
5782
100500829
7498
388387
221711
735
378949
378948
26521
10735
55174
896
440356
100506736
3978
5003
10186
256076
11094
26018
100302640
101929681
23586
509
54780
6392
101928595
79172
162998
125958
200014
57519
26648
4301
79803
474354
2077
9310
90861
6626
374879
101928787
302
100500903
100500868
400618
57511
196740
55149
401236
100616211
780852
26851
9211
8861
80179
9856
7639
84885
101928002
56288
101928205
6450
57634
353355
1745
26268
100506895
101929513
80725
4143
5002
100499467
400619
421
84820
79600
84527
644
64418
1434
101927914
11338
100526830
9990
342618
406945
80264
54815
80196
100506585
8844
79616
64799
7771
10317
222698
146059
101928086
54819
10444
10230
101929894
101928671
101928556
5193
25932
1964
780854
2146
84547
285367
51099
4254
54529
101929906
595101
221662
221481
1746
150084
114898
56990
339231
140606
23162
5531
728658
10210
29916
152404
101927081
780851
693192
3099
100423019
10346
286
5121
728755
2308
27242
57172
93349
1315
4712
100534592
100505920
4646
100505967
101929337
64951
64288
246
220001
8190
10240
79613
3781
3760
101929767
101928551
11086
3363
7700
644815
240
23152
54662
11182
22936
109
64106
55168
138474
66008
401498
6197
4998
143241
100506465
10166
53916
29956
170960
63924
1826
63920
55665
100128108
55328
3914
101928530
390648
27124
7018
8846
390649
155006
693180
4929
10858
26682
170370
146057
83983
100847032
100529215
7730
51193
10569
2823
25984
58158
154822
401106
5940
100507033
100874261
8195
3038
84522
1997
51096
100507297
128989
10750
307
100616405
646915
26974
22924
81892
57404
79637
55689
1961
8540
84950
2021
537
4588
101926921
1601
375337
100505540
128710
150709
51079
11021
7772
23314
26062
50486
11193
51490
6911
64902
441639
54872
5682
29924
23607
54840
55683
3290
10615
121364
182
6602
254783
57628
283365
4832
170371
7733
3834
1427
338692
100132832
5383
54921
406929
132014
22866
9254
60685
4795
389383
3655
27043
64762
50487
285343
197131
57670
338321
389677
7840
100130581
387748
390792
390072
4684
84332
390075
25825
55171
112398
79473
91445
390077
344595
731223
132720
83719
374887
56647
79981
65993
342931
147710
340204
3308
729974
101929579
159371
6780
4225
154743
55435
9146
883
80342
102465753
4090
55521
390078
142910
390079
3606
57824
22903
390081
6672
89890
390083
151827
693149
8416
84078
255480
5122
23318
54329
81555
100422954
57565
100885795
197342
644714
22806
84678
5817
204801
677813
85451
9617
56158
30833
4049
54961
6522
91147
8521
89795
10781
146795
100131366
125115
220972
163
152405
85293
390321
145853
3985
83897
83896
6939
90864
101927866
83895
54806
728255
374920
100507391
4583
81850
257240
81851
54097
140809
60481
101928597
254786
347736
81872
338751
116966
79153
390323
23676
120793
100874528
730755
85294
403282
100422926
120796
114781
85508
390326
101410543
92610
162427
163071
196335
27178
341416
390327
83875
100313779
255725
100505561
113278
168002
120787
101927255
56262
403284
100302133
100616482
160298
51360
341418
148304
51619
51735
54867
374864
3301
10985
23082
54970
10556
3664
25953
5607
2009
83541
121129
10844
10486
57804
101930568
100996750
84067
121130
728224
64094
677811
147741
404281
196410
51378
6878
4023
101928251
8513
101927324
132851
400581
51196
254295
55793
5939
283982
100506603
780853
101928736
100616231
23529
27042
28962
51072
80216
79088
6611
400620
100313837
113791
140458
79612
283932
55222
4600
3778
343637
1642
80772
10006
91612
148113
9692
7675
64838
140465
55234
10101
22900
55760
646096
5805
9491
56971
57528
9232
5883
80714
10152
57003
60559
2882
55437
255928
2038
729633
352887
7058
8831
64083
101928211
1326
23598
163223
118461
100529261
2342
348378
80816
152815
79929
7424
9601
349633
56300
81558
100132386
58477
283755
653240
9170
83755
100310812
729597
442590
441273
285955
1262
283392
65260
83756
129685
5595
93550
5581
1848
389203
693205
55321
56934
101929607
1979
152816
7101
2664
22845
283575
2683
55669
388551
400831
64446
4599
79699
151658
55505
4838
1855
5801
124923
3483
8999
4733
85001
642636
27143
7348
55304
51155
50945
887
5251
6570
8505
256646
100507461
56256
23511
54487
151242
100874018
326332
100188954
100302256
253769
22938
3679
8631
255031
51291
80021
100616346
5551
729786
100873945
27290
23120
84818
25836
9751
254531
3029
145216
196463
84293
28984
102465879
602
100616173
406986
440590
101930485
64172
399512
102466985
28988
140862
10579
51112
56655
136051
101928343
573
9908
3965
158506
119180
201294
2739
55733
168400
57122
677885
677882
139411
64595
285205
153768
11325
644168
101929623
55617
2820
1404
55486
112464
5506
115701
643414
22808
63973
5229
58497
8076
10549
55661
23078
57113
101928116
280658
27183
7113
222611
2074
101060602
27179
79664
23624
55268
387263
51542
147945
2819
727837
6757
100616309
5499
8724
51510
100500847
56478
677800
27037
3516
220929
54545
55274
51567
93134
54811
84541
94101
2646
11247
55345
221393
10085
10892
84342
11143
81889
797
23597
864
526
246269
6609
654817
7422
8715
58516
102465256
64114
126204
3756
54704
9703
3211
390598
153733
8440
51726
5136
23105
51471
9027
3212
254528
64735
126205
374403
80317
140766
6991
54101
56904
51719
401081
284385
51002
4799
222194
4059
100996813
100170841
126206
1015
5618
101928137
57130
51575
344657
9753
8801
100505385
29970
221504
114758
3213
693193
118472
25949
387755
5734
101927396
6472
100422935
100422906
401634
84559
378950
4302
126208
79782
9221
101929777
7473
55780
55758
10350
2561
54587
222696
197
100847060
100847005
64711
353274
348120
93986
131873
27111
221391
55311
100129354
5158
100287042
285352
51734
677779
23548
9130
100302236
100500841
85025
23015
7484
6342
347918
64395
646214
5687
169966
149428
387712
27063
6303
51560
8554
100616393
257202
160851
6123
101930488
101930591
253725
55747
92565
160518
100874091
1208
2729
101928927
677798
285958
101928283
84895
23582
101928254
101929368
2280
55247
26007
10993
100507377
155054
100287569
344658
2309
282809
7283
222662
57571
5562
63977
101927079
9570
27177
11151
3010
254065
6869
8615
8347
8346
8344
8343
8339
101929634
100616300
3617
219793
150737
57157
4716
5902
6182
93233
124602
401082
92104
84226
175
28514
57698
7188
5378
285346
339201
100616129
8334
100128025
643418
81618
51277
322
79135
79133
54998
113675
84141
407738
100302232
84417
317781
6128
55888
78987
8446
64146
1468
2669
151647
8886
84450
60509
643226
343035
2880
6695
101930168
364
7779
283579
11176
11178
153769
101243544
267004
100874309
22905
84498
55714
85569
51388
54964
205327
6732
2014
57171
57169
6187
654319
100616407
25788
84661
677796
9814
254158
677795
729648
55968
101060195
4751
100506650
100313840
6199
101927419
127435
100313843
100616112
8879
84365
57447
100423033
100422900
342933
26525
100132336
2675
84643
84071
3351
80311
100505555
162993
4792
641977
80146
129450
101928601
146456
153770
56994
100506551
11215
51574
56882
26249
1968
114821
6683
340654
5689
360
3008
134728
79149
29098
3017
91860
4637
117246
9926
1635
6512
7014
55553
285368
494197
7095
81619
8600
5470
54850
25966
1384
285349
409
84333
390539
654502
170627
64318
2559
57494
100302233
10040
6175
54464
10962
100616382
100616228
100616223
1376
56975
521
6908
1769
10168
54982
59345
220002
1350
647024
151254
92092
124626
693190
101929864
144809
101930394
101929949
94039
196872
54987
29801
8702
100506637
25896
7543
2877
57513
100861412
55831
170626
5819
84684
2978
3745
51520
55558
494337
22979
65083
376267
94240
406966
57541
27244
56829
284098
126626
388394
677815
101927992
727866
29057
677793
677794
10116
5092
80777
81669
101928022
146310
5740
100996668
6935
49854
100528030
8693
54491
64211
101928687
80111
59286
55110
4116
6095
56929
79050
284106
100289509
80014
53842
100996433
6578
4671
55260
79893
5134
56951
388849
646698
100616262
5165
100506125
9046
80343
10607
51161
5154
116933
50632
693177
699
7561
100506374
101928333
100533975
996
84987
100506682
401265
10452
55205
574447
65078
83850
100505761
55676
7247
29103
440515
25962
100302736
353376
147948
84948
50940
26998
219699
1837
100628307
9904
100506071
283683
3710
442213
7703
4117
693209
9290
677845
4636
65263
101928189
57035
9468
89766
55068
91012
23546
118471
100506700
101927124
85359
3013
101928559
886
147949
83401
339005
130560
7804
144568
10944
30849
1103
5309
10500
285203
6259
55508
102465666
23761
285766
693178
406917
143279
51514
160857
157247
253959
5300
51524
5790
90701
51014
441459
22801
5524
101930081
8729
100302192
100422952
55296
10725
348
100132677
8427
2979
144811
2554
7103
5422
100529145
100500834
57175
90268
10945
6857
4594
9334
7264
2177
23558
57162
79568
101929849
85376
79024
387923
101927859
282969
27175
23039
2906
124056
341
2922
100507218
100507437
65059
101929910
101928157
100506555
101927267
22899
100616285
373856
100335030
63934
5646
51439
257407
83743
8848
84837
101926996
83594
55256
101954278
101954275
401232
1036
93145
56172
100847079
55876
23315
7988
101927017
401233
30062
100507008
3263
693151
146852
81562
100507194
3214
253143
79989
51259
1946
9333
124751
9801
63948
8270
693152
55173
27163
10421
3215
26747
5525
54926
6007
140733
57143
55023
55052
100507246
677850
677848
170302
6154
144100
3216
148979
26996
57573
7625
55425
286514
158809
1892
5707
100506621
9619
100286844
347541
101929694
4149
390212
79990
84876
64839
50509
101928481
347442
57514
29094
9247
57010
346
344
4084
139422
56242
6201
339302
4193
139425
9972
2963
245812
80321
65062
55248
100132979
390535
11141
86
3126
283332
81931
2671
3998
441869
4068
10391
8549
26010
6936
55809
57620
54832
389792
386618
79626
29083
3217
55227
4113
254013
9143
4114
11227
23460
4115
79869
29937
3770
28989
91120
80194
4112
6601
54431
55706
255374
8125
51466
1209
22852
190
7584
51409
5575
100534012
79005
100616275
375759
389541
101928826
7178
80231
55315
65250
27077
10922
116179
7643
101930583
440270
9266
55153
467
490
90850
140459
100302174
55833
2642
7033
6167
1154
91179
147372
91392
643965
9140
9825
51663
64856
7032
1728
283385
196394
2710
541473
26000
23767
51450
115560
791115
7031
84674
149647
7867
9836
9536
84179
55905
55509
219293
54919
100289678
5224
129684
161823
27348
283869
100128731
388695
84861
90649
2034
7994
140612
64699
27434
1861
96459
3592
101927292
83858
27153
25936
101928818
791114
100129842
255239
100653137
64072
10612
57369
84329
2566
29895
9351
54898
5366
100508408
85388
6207
199777
55614
70
253512
6615
730
8755
4160
131474
388566
101930494
101930219
387522
7335
6736
6388
55254
2966
197407
29765
51759
78989
9369
375307
1813
28316
196743
80012
730109
10336
9863
3218
5691
101927318
401097
28987
58491
7336
57560
101929717
5286
23194
79188
155061
57456
3219
101929086
1731
84847
147670
5921
9049
83548
8038
9681
90485
6192
9716
144404
100874029
5443
643904
128387
100507027
10947
257397
79635
4913
10178
146050
54812
5781
83860
54432
10057
25853
10868
6556
5971
100509646
442862
9081
3007
101928218
221710
53940
81565
23619
5178
54328
6572
80975
2995
220441
285753
282966
53347
114783
55262
387694
287
50700
6944
56992
64061
54509
101930404
100033820
100033802
100033450
100033444
100033433
100033416
347746
91380
3653
11321
23647
23353
9600
1176
6820
56901
54520
27229
2530
3273
79366
100132463
51271
55337
220081
23232
56903
506
6932
100616476
55602
79154
378951
159163
151516
246777
54854
221938
5093
83590
84366
100507058
101928781
54949
3622
55753
54845
7110
441061
220082
89765
10982
1733
9183
149643
100302150
201965
51333
283514
23048
84989
102465526
7869
51474
54980
405754
100533952
246329
100302220
11117
5099
28982
677849
4925
10361
57786
51421
83854
693221
900
101928514
23091
101928538
347240
3827
4739
54020
11060
387521
11129
102466864
677781
654434
284759
79077
54989
133558
51586
644672
51668
23556
101928667
116984
440093
80059
5705
79400
10481
5387
23585
318
89978
10718
692312
26100
55196
2241
8369
90523
101929734
79805
10815
90441
54439
100129427
134492
23304
57462
1353
60684
128646
347686
8123
100129396
80039
338427
340578
1911
1361
55210
100996280
284076
8394
1051
56342
139170
100506731
171169
283989
101928767
100130613
84688
57471
79690
115353
139741
100126326
57720
338429
338428
100033413
58484
84307
3795
116988
5770
56983
7544
388419
100653194
10326
4843
50511
6141
1756
26515
23067
2580
400569
8396
350383
10949
6594
115795
100129528
100422851
5163
400622
26086
100033414
100507498
100033421
100033415
100033419
100033417
3936
100033418
9324
636
100033420
57666
9499
22928
100507351
100033422
55845
100033423
54463
100033424
100033425
100033426
57646
100132174
100033427
100033428
220004
8345
100033430
25775
90806
348262
3161
94103
5074
84529
1788
9867
7428
693153
26102
100131117
388633
203259
7533
55423
140876
339453
100131096
100616166
79922
3656
29969
196477
84626
390205
29101
165
100996291
5507
1734
3683
6629
374383
2625
84272
101928674
6523
8266
54883
7508
23413
144132
4124
148206
100616270
644945
9066
27039
140885
1833
4791
58191
80351
677801
10263
9797
84620
283489
101929926
56848
100033432
100033431
100033429
727708
100033434
4283
100033435
100033436
7249
100033438
130120
11081
100033439
100033821
100101467
220416
101060175
256158
22953
8273
9528
338433
100033437
170959
100033440
100033441
100033442
100033443
23305
100033445
196441
643988
100033449
100033446
221914
7158
100033447
100033817
100033810
100033803
100033448
26750
100033451
100033453
100033454
27019
100033458
100033456
100033455
4635
26035
2770
100033460
90655
100033603
57663
100033799
7562
100033800
100036563
100033801
11023
100036564
9831
100036565
57448
7572
84612
114026
940
56977
5327
5173
419
100033804
503835
100033805
100033806
100033807
54852
100033808
83259
27328
8822
100996295
101805491
388946
100033809
84281
3767
63971
27258
101928710
252983
4628
222865
51738
55653
140901
284443
9595
2487
9422
5501
2660
545
80183
338567
394263
4074
6830
7053
6571
27283
8763
9039
56914
747
133121
100033811
5710
100033812
100033813
222962
100033814
445
353088
100033815
100033816
22895
162979
101930475
100033818
5032
8295
100036566
100036567
101927126
79158
100033822
79760
693194
100616474
729033
100616323
118611
3975
375704
91608
101927472
6833
100128714
4659
6539
150297
3070
55166
23394
343641
100509541
7594
27032
9792
26504
1493
11118
1271
206338
246176
100505591
3242
64591
831
4060
127428
100505869
5629
10739
57787
8291
101927523
100505890
286148
199
60343
3660
8666
6795
101927549
503519
6006
5459
348174
283971
284110
9493
79148
3357
6451
6527
200008
389396
2740
6533
10669
6603
948
158724
83604
6396
135398
10738
56950
6628
170062
10915
8939
138716
84225
8813
606495
401337
5456
139604
80210
338004
1538
3690
7757
745
9220
4952
100133091
170063
285878
23143
22797
90423
100996654
51306
27330
11258
474148
114760
4212
6005
84312
221416
100507500
113835
51493
57592
2039
26574
57614
23378
146853
55179
1634
26505
51253
286464
142678
23433
79724
10787
101926903
6509
59335
145508
145741
55890
5968
645090
55066
65988
388125
4651
1628
9913
131616
101928869
5126
283150
51300
11069
23404
22864
8148
3993
338657
442444
7047
138715
5584
5152
3611
2098
770
2826
168544
7072
388381
5967
390980
6230
222584
5638
51608
10280
121006
84629
26275
29851
83660
338005
10794
55656
619505
9349
58190
23648
123099
51399
126147
3062
125919
643641
9177
728404
119016
347404
3356
101928160
286075
55289
631
254240
57343
27304
8792
5784
285755
7504
2524
25
1786
101928887
3755
284306
101930181
1443
1442
619190
100287226
1536
64928
148198
284358
5709
10243
3551
22950
441263
1411
3131
3359
167691
4130
2592
11034
80028
5291
10730
57615
8803
440248
147694
11033
121512
5298
7652
5425
84696
117583
285194
360132
58538
100302136
113251
25793
55362
83699
100616485
388523
100506724
116729
347148
51244
100130274
746
55821
100129543
54877
5068
6785
6176
284352
27430
10525
101928766
225689
84929
101928738
389517
6990
101929888
2237
8242
7644
1063
57532
55776
252884
407835
83591
5034
92170
79175
100652748
653252
4773
10241
100302143
619567
6043
1974
100294362
10083
7429
25763
284353
836
100616359
728597
10051
8645
57129
3627
5297
79090
26027
94122
125476
10319
117532
497190
6373
9415
55219
5715
147011
6610
389400
57551
642987
51141
101928938
388552
200909
55270
27069
286077
51475
130535
51562
54511
2589
201973
93010
90332
29079
6238
26119
8224
3927
440253
2950
3776
118987
143282
155066
53371
8406
55622
10528
4691
338094
941
100653057
1066
101930075
5310
2539
100289656
100113407
100616113
6881
101929232
646278
160762
100287072
280655
6664
171392
7272
1793
101928294
7180
7528
3590
83608
1496
2018
129607
83543
503542
1158
10734
254048
101928420
7565
148213
92595
406958
407053
406959
130399
10219
7078
79682
11314
388567
100128325
644511
9445
1571
26136
6540
100313921
91543
10079
146542
57191
22841
390003
9553
170572
339192
730087
677803
55197
7478
400720
84286
51133
1200
491
124989
101927036
54922
118460
401124
146540
100133991
10349
89822
94134
151246
4723
23531
16
693202
5357
693203
440416
100616133
6103
1368
115509
374977
7704
285242
31
5662
101928855
154791
4711
400627
5925
653268
10923
9215
79744
101101773
139324
57451
8862
141
284359
2647
440465
25800
63877
23513
7512
10850
51304
9677
78994
8382
100886964
83795
101928916
4837
274
221223
692211
100302273
2523
123096
55273
129831
8021
11131
9534
5598
26291
653
2
57495
116236
10785
728310
100861437
83871
54494
1440
90
64760
4477
494188
54440
3626
7386
6363
724027
100422915
442906
10179
100302229
145942
342865
55286
388428
100130111
5993
9781
587
7399
91464
284185
768211
5009
10775
253970
6366
9032
89837
642938
64080
902
51365
644100
139322
147700
134391
10042
2180
58488
259308
83729
64780
284013
3992
79176
256021
7102
51397
90639
26082
57134
114880
23349
64319
254552
9134
4731
388323
90313
84077
100506765
5694
347853
200539
10018
25837
51631
5521
55276
57167
101928994
91703
23096
5927
10550
51368
58526
3628
340990
84830
146849
10321
25822
5316
144406
9294
222
55814
101060544
316
7268
2735
858
1838
346562
100847036
153478
25996
10161
283404
2834
51073
11269
5961
79873
201651
5338
5959
57125
340562
51114
2068
387695
8510
3053
143384
401093
84231
55073
138724
55250
51171
2636
152273
55734
54880
100506237
9342
6500
1102
55806
388333
10512
266
136371
7552
25973
286336
100616280
283600
374928
55001
92211
57695
8031
60482
57664
57556
7415
84814
101926983
3398
100847043
2104
23177
256051
116369
57190
81622
4052
58498
653857
64091
51449
1399
163747
967
10902
162972
5426
10043
10061
100422909
7090
950
153396
8642
23286
162387
4633
23216
84726
1609
57524
101928449
57105
7080
1718
875
124599
56203
23533
4654
101928965
63875
5858
10847
23239
9231
10659
3995
390561
79004
3746
10159
150209
23316
57679
23016
338755
144125
79156
8590
56181
406993
101930428
101929961
7253
144124
91107
199964
341276
55105
83636
347730
7809
22862
7182
10848
101930029
100240728
100996928
201292
100506538
137682
161742
222029
8243
596
84300
26257
151531
26297
255738
728642
984
346689
100288380
89838
5861
101928401
8991
401884
147081
93426
128153
5083
101927443
101927408
162282
898
283547
283742
817
2189
128553
10316
159013
729220
255061
2531
283310
55659
165100
117283
118663
2912
4239
284307
100616138
120400
51018
256957
57498
396
100506248
100422885
100422872
100302285
728026
5757
605
79983
7764
283297
23150
100129550
100506840
120776
2645
100507524
440956
120775
100506826
6903
284123
348327
7453
3383
401067
9282
340719
54827
100847021
10113
101929887
23506
694
7762
64223
9525
7693
7042
6910
8725
6624
6637
8802
391723
221496
120406
594
2030
23645
389257
154790
3386
10861
10520
161142
285855
51239
7761
23358
100129583
291
8537
100422864
8575
7123
10871
7288
7307
338323
100131439
10125
5147
57587
9520
2862
84720
102465669
4728
28996
5261
5268
89874
100302224
3799
146723
3162
23705
80346
140836
130940
54476
5232
10849
101928190
9841
5866
342510
127018
100653247
56940
8893
90665
81602
100507537
11052
5423
89777
167
27288
9577
54842
1748
100131315
143425
10813
4924
64866
100288846
55266
55308
4883
5917
5275
10585
3082
8239
8661
202374
101928134
10312
7732
101929988
22877
7087
8216
27131
55532
442038
101927692
10063
100422845
100302160
4174
79946
7439
441581
79847
8613
1591
79000
857
5515
6498
100125288
644246
30968
2067
81617
10652
1409
3096
164091
101930421
100847086
441150
8453
728806
6318
112812
5563
8506
1809
3925
100631383
100131211
150094
2058
414152
286827
133957
83891
100500893
57609
8987
9241
8517
64432
7166
5692
326624
64115
59338
101927243
100506881
3425
9745
728661
100505854
55034
8828
100287932
10059
4069
199920
64333
6819
101928174
171558
11077
399670
84318
339965
283870
90835
57616
1121
6916
201516
5051
83852
9125
101929061
23011
284124
728978
122664
8975
283871
64708
55853
723972
283298
90233
548596
1159
22847
3562
23551
1654
389123
8089
731
101928999
389124
5281
23076
3820
113174
6389
5203
10744
7710
23591
1877
144717
4151
10695
132141
51274
339210
5010
79891
53834
51776
84811
100500904
100874035
6483
100127967
94241
3840
64145
100507466
101929029
55603
100616293
1437
100874021
6926
732
284309
29121
8526
340745
80206
125950
55075
80830
80256
728395
55816
51131
145282
10097
79666
89876
100505881
399706
157657
1432
80831
117154
54807
158787
26103
101928782
285605
392255
400058
8495
27294
100506937
2134
55805
101928654
1775
100616286
1747
642394
84812
147991
5995
2495
100507480
22827
7381
6352
101928493
8566
282980
83549
283335
89778
100874083
100874084
9136
406890
203190
406925
60506
581
161635
692089
4664
692109
23543
54910
440163
728403
25907
84659
10380
1632
140689
10019
221264
6317
122665
9810
81793
353322
8882
23395
10220
79818
4159
64786
55213
101927705
8974
80764
1906
1600
64398
201299
58495
116151
400359
7096
3675
101928915
63035
285498
399708
84324
400360
10497
55701
730268
64682
1768
84930
100293516
117195
92667
115761
55325
7057
117196
2889
10333
28964
100847067
9832
27121
84650
64978
730051
221692
197258
100528017
6291
101927060
100303755
246100
1485
2957
55699
9127
9097
92689
1657
5660
57325
6289
101930630
161497
4233
100996628
57619
387715
10039
30848
7780
3619
79037
55802
10121
3839
55244
115209
441272
80833
2354
161835
81578
51555
6440
5654
84676
2512
10921
4208
55323
102466757
9862
3385
729
9442
85439
11245
139716
27233
79646
7419
654231
51001
200734
4070
149420
100652999
6790
4880
84914
51382
6288
79927
114803
23473
9853
6253
25941
51042
27232
9984
57709
84628
8573
57213
1119
147687
3028
7220
10189
339779
441054
10648
728084
730091
9423
345079
8710
102216268
730112
647033
8913
4246
9141
150921
25782
6791
80832
100874366
54839
7297
10647
6586
10206
101927269
100124700
101927824
3725
56062
9482
100507034
2997
653479
50488
23389
55752
23126
147686
2145
29095
10256
7016
26577
256309
7706
8502
494513
160365
51252
25998
283518
5055
969
9648
85302
4250
466
51111
4295
8884
55277
2355
101927122
84079
404552
6311
51700
23064
2744
100506325
21
85406
6897
23780
6545
101929481
10301
118442
221960
51622
101060581
414189
440275
80008
80150
4618
51661
100616277
2000
1476
400891
54480
146845
23361
971
3662
1736
101927418
574443
349160
101928245
100113389
5273
4617
254050
9274
8568
100505534
100131089
220107
10172
51088
339894
2914
4327
406943
345557
9791
147685
147699
100498859
1489
6604
100302211
57060
79621
8542
574016
53838
10016
574028
7692
51529
27240
440804
80095
100874362
101930343
117155
100505648
338809
51222
100996447
816
23119
11140
5019
51361
11234
65977
79642
100506412
200916
100287290
649
283471
440107
4041
341277
100500919
129563
151056
387680
899
5190
100506433
116519
378884
7368
7270
150221
203260
7172
7332
220108
7356
25839
337
6575
404266
151313
830
2857
4139
100128317
81035
57536
64579
7408
389799
8411
101927356
100313806
345
647174
102466747
29990
56648
79026
9906
224
56751
344838
27197
55184
440419
222967
101927946
84904
101927964
4211
100652988
335
53336
284293
120065
100507059
64087
4128
120066
1573
5603
390093
100500803
100216001
90316
101927378
338758
26496
338588
338322
56894
150223
4627
404636
6727
5271
389932
79762
55770
54620
6514
284312
8665
51348
54462
54996
64794
80178
4354
768
164592
7701
9896
90427
51
54891
7694
9131
26512
57530
8161
10856
64757
11163
25840
23350
101930185
57728
388531
80207
93129
55332
390916
127795
8825
51684
613227
2828
84305
386653
1005
25816
9739
91646
79369
101927420
4129
9467
1068
3142
7275
8856
11257
10112
6690
7169
56906
100500804
1937
64761
27098
390790
11221
250
91452
27295
781
83879
9419
23387
92196
79875
4286
59342
2965
4693
1390
4917
1562
100616226
79802
494514
23450
5141
133022
56853
85461
25780
4774
9329
80258
23753
6029
617
57465
7298
9348
100130872
10417
54908
643382
158067
782
5528
10621
28513
1557
57491
390445
139341
51019
24139
25828
527
256933
114926
9015
23759
790952
63904
9607
100874237
1755
115825
11092
7334
3972
55291
100500875
7286
81603
339761
83941
114335
94115
93659
1082
283358
80270
196993
140886
2830
4891
80020
65982
9469
124930
7109
439916
117156
9976
114336
285636
79758
54495
1606
752014
51005
9806
119559
8936
1965
7248
112755
1559
7094
378807
3169
389336
9655
3183
11136
701
79673
8994
1857
79611
83446
100431172
56616
387836
64793
4719
10983
6400
100134259
6810
101928376
251
375248
160364
10782
1142
375056
7403
406949
406951
101059957
319089
83442
643246
5833
677767
2071
79608
248
10207
8973
51667
79794
8664
84902
6383
6670
8328
3939
55145
2923
4649
26499
4815
11005
29992
100134229
9427
81609
90411
64852
10075
124739
81790
55556
4004
100134713
91544
540
161145
101060747
5170
9817
29799
5289
56624
5395
23615
901
10488
22908
5827
100506718
23768
146433
5594
26272
3159
9328
84836
3295
53637
9219
25940
4675
80237
129642
65975
101243545
286499
91442
55063
23043
10404
8470
84971
79446
65220
84900
100134934
10369
64853
23614
131965
92154
4131
79742
101060106
284085
129293
51008
51266
11020
1070
85403
5049
57704
1730
28977
2932
647107
1558
55634
11189
440138
79839
27300
100287177
56924
85415
79759
1794
10741
10563
7965
57475
148362
9724
100302148
54442
54596
79023
94027
26073
8739
2696
5822
403
341676
5816
2782
641339
4909
9647
83886
101927453
8165
1056
163782
9726
102465454
4141
100874200
220164
3743
5164
151525
6014
192111
4689
2581
56548
8492
2690
101929159
246175
65125
8499
101929182
51092
400823
84679
7067
64320
116349
9866
101929238
8292
163688
4752
6625
10483
9827
644809
65095
8209
84976
388960
1018
84376
11336
6860
57721
339456
23524
7398
55697
85453
692094
100507213
9712
6102
256364
27445
118980
25764
10169
7100
29789
8940
6633
101928405
65082
1439
10617
85452
92140
284485
26259
4882
9767
54814
55901
7525
65008
64130
5900
55061
23141
339669
84940
5330
9168
6751
51028
5981
6157
9104
161198
339105
387837
10666
9572
116
1145
2563
92675
9871
7162
7263
1043
56888
27102
65005
6772
55353
55094
283420
51083
3948
100130311
100128496
79001
23308
90025
8835
10484
140856
51067
54539
55057
1329
23403
25864
164127
1487
693155
6923
4357
101929697
123228
102466616
93655
7982
259230
2811
51362
147912
8402
26206
388743
26586
51267
57419
342945
51374
64863
5984
55150
2689
221491
1
339287
8853
85440
79734
10295
56257
5590
257101
26040
2125
51686
260429
25914
84681
83439
196996
162968
8241
135458
646960
8541
29947
1760
95
153364
100506558
4147
144983
26301
116412
6550
54716
2339
101930602
101930184
8170
5318
824
10942
10935
1144
6193
10910
9637
101930064
349136
6876
164656
1032
27148
121278
100132963
94234
57096
10403
2295
51754
54453
101928676
10296
10746
9435
10120
7441
6094
2157
9723
10053
285195
124220
152831
646862
100874100
101930373
100288805
54768
728464
442523
8487
201514
29935
101930246
101059921
160287
6563
8528
57596
11061
9633
57526
64063
392307
8738
326
29953
6249
3560
26229
2296
10622
100129792
54997
119504
392309
201140
646962
29994
155051
100310846
56656
140883
84197
114984
7251
5100
85413
79947
7159
129025
8434
84148
114904
11165
165829
7691
100996456
64581
80144
55010
1374
85464
100529239
6414
84132
388569
100131244
6133
408187
54585
6753
9796
2802
5315
10562
6204
23532
404203
388115
84256
7273
619189
1146
5880
4201
27086
9340
729250
729246
729240
729233
122183
11022
27329
23014
7317
100628560
100422989
152007
200765
3270
23347
661
116138
790
644844
474382
474383
474384
8263
142827
116068
219927
6009
85455
57153
9470
881
7098
27128
124540
23193
9159
4236
116064
126248
23033
2762
84938
101929678
138050
65991
399715
90417
1211
79412
4037
9363
23219
27253
5283
6764
439949
23107
667
199990
57654
79968
5893
6730
101928150
55609
26061
100507127
8788
54541
51126
56301
8560
54795
114794
9270
84059
340069
55722
5652
23097
221908
10618
27022
4515
257160
4242
64102
10371
1050
727956
255812
284266
1054
88745
100302218
29929
3508
54838
7105
100873745
146547
55124
6156
10020
101927497
5211
51340
724023
574442
84978
26001
1586
54788
552889
100616206
653308
9088
5184
384
6775
153218
11198
29775
5624
3151
122553
1649
80303
3747
119032
10490
57724
5127
81624
339398
84651
205428
25799
402573
6497
72
9016
11019
81628
4931
100131897
116512
100272147
10803
55663
2299
116535
6159
9306
11167
57217
285464
29974
133874
341359
23421
220158
51547
643394
9124
6097
171024
23386
114785
399717
152877
11135
152006
147381
1849
9265
2688
1444
79906
10998
401109
55783
389289
51334
222950
223117
3957
6195
124222
7884
100507143
1762
84698
8477
26808
81832
9654
26773
84878
84034
26772
5411
794
9080
79184
54207
81492
9074
100506639
7690
219931
29993
9820
9663
3712
686
51330
55293
25886
84455
25854
54884
100423062
10155
8237
51422
100191040
23516
113201
100616385
100616273
574411
406936
26088
203111
51778
79443
64377
57412
284486
84920
25875
54985
100874034
2869
101929762
81550
101929769
100302742
306
29097
8189
117145
152217
11079
100507057
23514
22893
79047
9833
3268
56965
54532
27156
3609
1173
5236
400655
92305
693176
94033
101927581
100506136
6281
51109
9050
406902
153443
284099
51649
7712
406972
80789
8736
101926951
64881
201456
2781
79810
79228
26579
144108
100131390
10247
7592
6282
101927016
285987
100506373
79746
23243
100507163
81545
102288414
79081
10460
100422978
1537
5829
5216
101928298
9541
5101
9609
595
113189
404093
126637
80232
7571
144110
144245
285440
4015
26058
10940
7781
7411
7062
5352
57626
369
90416
4919
283284
23616
126638
23621
27243
51496
10266
5192
2913
388697
81858
5957
751071
25803
5533
2027
55589
4710
148581
27154
9040
207107
2312
146439
5592
9370
1602
28968
56672
6853
4973
100616122
6871
220064
54805
498
64771
29090
790955
57026
116442
388698
64386
1193
3956
57685
84313
5079
7076
79815
49860
1716
7567
755
6001
51035
401152
1528
254910
474381
83740
440145
79159
84867
7535
56673
149111
54544
124871
2169
8522
353145
100616216
79866
613
100507086
84648
5199
7358
84792
3171
2261
100129516
353144
26145
9651
9710
8669
6788
353143
55217
339344
27079
2521
339345
23085
220729
353142
222223
374786
4858
353141
55225
51752
2002
26239
56676
55812
7593
353140
644041
353139
4430
11078
84186
101930159
100126321
27286
1593
26074
199834
125704
8409
375690
10367
57082
200424
951
100129271
8289
9965
152559
3716
22894
6480
448834
7226
347344
654835
645520
641702
3937
2249
353137
57680
221091
8654
353135
2821
389827
353134
84173
7569
3081
94121
353133
211
101927207
100288866
3788
353132
144402
348840
3005
353131
127602
5238
100996396
9719
448835
29108
399814
57232
116039
4184
23464
23133
55748
120939
9380
154386
388962
259249
11076
117194
115106
100507855
205
493829
388015
55107
642968
10464
3713
50624
729201
389852
84779
262
201895
340156
260434
145226
1621
2712
1735
139760
8484
54503
163778
26580
3642
10214
6758
22978
51634
285282
4034
6698
54106
3093
101928670
22897
79844
6756
3684
284080
254427
6707
688
5879
10164
10627
129138
112495
55233
10540
9829
84232
6699
57186
6898
9925
11278
254312
6703
55596
548313
6759
29881
5888
1478
439950
6700
103910
23710
414196
53632
30820
91862
133923
3930
64425
6701
439951
317649
219731
6704
65266
55229
118429
6705
1757
10797
6706
64844
10251
149018
51386
117153
81890
55650
574414
102466986
22794
3818
23244
9882
7050
7716
8463
55740
147339
6845
4014
8697
221955
84154
54741
3953
60677
101930218
101930174
100133182
729737
399844
10174
23409
5527
4097
92745
84243
114771
388585
26267
23035
10580
494470
55743
6426
4253
100616459
100422854
57115
89953
8764
8048
83849
51692
728071
51236
2160
9235
148046
5367
3779
6726
23503
10154
81543
85377
3687
401505
57453
54084
27120
2052
80208
6280
1933
5831
101928518
3360
100302210
170622
100288123
6283
4543
2568
24140
84306
8772
255193
79733
386677
386679
100302283
100423031
386682
22844
386672
6279
5319
84932
386680
2676
386674
7410
7347
27035
65117
9725
386681
55605
386676
2195
125336
353333
84645
7472
338324
386678
4440
386684
3954
386683
353323
2810
353332
386685
386675
5142
10663
117247
54707
147872
645922
112611
168391
2829
2960
6278
7327
167465
117248
158234
1052
26019
5435
8500
56897
5212
63906
57835
132625
1232
6277
91749
4199
9936
136991
205860
3073
157680
1785
64840
6276
1337
10726
10637
164
6663
2785
9721
51010
8019
9878
100996758
339976
221092
23505
6275
3581
57088
102466270
29920
7475
23283
54606
11344
22943
283237
79269
995
486
80326
140735
11091
79842
26689
84735
9463
124538
9627
5591
4085
100316904
8941
8288
11014
6274
54738
64901
5436
441308
4153
92014
9552
3842
154
7468
8431
9229
9515
84891
51195
4008
6256
126695
6461
1992
285381
388610
7044
102465681
100500894
6273
219
127281
169270
10629
115572
84251
347252
84081
55628
163859
653082
3681
353174
92106
7755
23539
26261
1230
101928602
253650
11107
6548
79628
729230
80115
140576
79064
1289
1234
100616488
8735
10054
1339
100996351
100616151
100313841
26260
102465448
374395
7760
2825
283933
284273
57402
55677
9034
51134
79258
2850
392862
404665
3479
64746
57683
10194
65980
80161
197350
100533181
79798
101928453
22803
63917
100422843
200132
11099
100302116
81566
4992
6284
401577
729420
101927068
79937
197135
83881
754
115207
10022
100359394
10682
1412
730249
100192204
8398
10495
8745
402415
126374
1203
7752
56339
60675
642597
6271
2220
100507347
64236
100526664
4065
284274
10482
284402
26224
4057
167681
100128098
7541
28958
4943
53826
55728
2219
286826
9988
9658
147179
1080
100129213
285148
79819
55900
647060
7041
285051
2017
56978
642265
5272
567
392509
26097
10439
157695
653145
644524
101930430
101928201
4821
23125
727830
342371
4210
6643
101927618
157697
5075
729020
116832
5980
6801
90550
54954
23764
55146
9118
79625
158763
339318
26149
3170
157927
57047
642280
6754
142
84108
23038
693222
26812
7056
400658
89797
8811
7024
693156
79979
9228
338949
642629
25829
9858
283876
10127
100616371
2250
101929036
5053
11018
22918
100287898
57458
79963
23557
138162
140625
65267
727905
3689
284424
25820
255809
91151
441430
441425
23429
51116
5935
51499
23180
407045
101928521
4626
7627
283459
100129917
54497
7776
51069
55164
124817
101930019
399
23077
10498
3933
8683
4993
84000
101927714
2055
29107
79903
3824
9798
375057
3547
200403
29991
55584
132112
64412
100463285
63976
5118
100616373
1454
10721
100126332
7469
3707
79034
3608
78992
990
54925
64859
79931
63908
132160
140691
5047
54502
3769
6811
84065
6297
5463
55967
8655
389084
23265
255119
6524
503582
100036519
349334
541565
9639
51725
1618
58508
360203
5664
7727
55889
3761
57708
101928834
392399
59353
4622
5648
100616467
11015
651
255275
148103
723779
402381
100616383
146434
54753
100379220
25791
84274
147111
22914
92070
100616337
5914
9892
3587
257000
389730
22941
100507054
65217
23136
5593
90075
101928844
113091
677770
100128568
101928872
100507003
64755
100616358
101928302
3059
5269
6877
100847063
84109
10521
100500888
57030
4173
101929869
728577
441402
26533
126375
26534
80335
317648
30012
57805
56997
585
4155
100750326
79882
84958
23228
222068
64743
100133461
1345
54663
643224
347688
170392
728127
642517
308
132158
90580
57582
57655
26686
167359
10771
7181
9802
27237
4869
55011
195977
5754
4835
153020
3157
7559
6532
100528032
11144
326342
51307
646174
497049
79058
56649
128817
23169
85395
4881
90121
84647
8796
140880
26165
349408
4967
9920
388499
8302
1953
401115
10047
83992
2491
100093698
100289635
646851
128821
145645
253635
128822
2245
400757
23059
126133
84210
1471
9921
6652
9779
1472
55565
157922
26166
5890
79730
56477
125111
100507266
101059935
644249
25776
339983
1469
4759
653404
5033
1470
64598
100616201
285484
1473
7153
5359
54903
56993
6520
104
149233
100507376
1717
93622
353497
727936
79953
255101
100133123
9929
50506
1821
1778
2323
122060
7454
22925
100128511
6324
10422
9064
51780
100302741
100302129
83440
151987
81029
8436
347468
3635
340591
9567
197358
6868
127262
83597
51765
1723
9319
120237
339988
138151
25981
4648
8530
23671
100129931
79442
54552
730971
132332
405753
100616471
728194
84833
100422826
84740
5610
407052
822
90120
1910
10553
49856
57136
6597
8547
8022
101928532
7036
3249
100507567
144699
100616428
100847049
8737
645369
391475
3595
3798
79602
65123
4619
388611
22984
84464
6330
728113
244
100130992
90527
6997
5457
8476
91133
130752
3184
55909
10758
54957
23521
100616217
79596
2827
8678
100996288
25777
28966
10163
388503
57228
1773
323
4025
55191
100847093
388324
692229
728489
100113382
64417
2587
100422925
26135
391627
1128
100130480
391622
100616249
55785
101928389
100873920
4756
64062
85409
693188
100302213
6327
27164
642
728747
375444
225
100302277
64170
100128811
2804
55096
3823
101929117
645528
9356
79441
90167
3240
10196
653427
115548
79822
670
3822
6304
120425
347365
57181
5393
23024
6621
3487
10126
286151
9735
22885
10608
55526
10971
51327
1647
23467
5440
374868
54602
3821
84951
64478
23466
100302226
55970
57826
147727
693223
10131
100616425
406976
4620
101928852
124411
9077
339500
731789
84532
84546
6205
25961
10807
5480
27245
389158
10253
6674
677
10916
22868
283461
401898
114798
23275
391365
100130093
116841
84189
429
387644
9582
11000
9152
100505984
3694
10308
79161
26050
7161
93166
2262
101928464
79837
93589
27350
100500809
10749
65094
2268
729355
729264
653550
24150
10082
55054
30813
79971
100873942
100873065
387646
140564
51308
101928082
284948
339501
5349
23203
9376
7483
100423011
3549
57732
57459
200316
54457
1638
89780
2217
114134
51411
374470
55796
79840
84107
284217
693157
60489
100873922
375
196264
1261
23483
4353
100289333
101929019
1639
51412
440050
56623
79645
57830
1960
153241
3846
6839
387273
164668
100847023
440051
2537
53905
6121
51691
160897
101929071
157310
163175
7699
9909
283238
5067
152742
51063
131096
11166
1678
55199
23492
56311
79169
1387
4745
9014
130749
392465
23221
55591
10605
2623
387775
55065
245911
10723
56913
10205
5155
8609
3250
695
9256
677773
101929180
55635
9987
9657
101929202
26810
3949
100847071
8817
87
955
5937
1958
388364
890
916
644994
148870
441009
10257
57333
340267
2302
254170
120892
2107
9785
139538
56171
6047
202020
1362
114804
6591
55298
55176
51070
9919
115
4144
23291
199870
200186
151295
492307
80781
3631
128308
3320
134285
116936
6122
79801
25897
57554
259173
151651
6345
10013
388588
201254
203859
915
55212
4772
10021
57470
196403
54212
101929123
7023
2677
283677
23530
1385
9071
220906
2783
57084
157567
100505893
255022
100507605
917
407000
7545
134265
3751
7216
7280
101929218
119395
55737
1236
5348
134288
84662
2188
9731
158055
6722
7516
55631
1603
23554
100288801
651959
4851
10153
169166
27020
22873
2620
51025
23673
339291
64108
139420
63874
124961
387647
1990
54677
53822
6750
29841
100996760
58478
7775
27198
145581
5639
338442
8843
693158
7345
5868
11226
51162
84075
100529144
441027
8562
122525
5611
55359
90525
9354
57479
2534
53827
100131827
10068
147841
101060200
4072
6827
27013
9295
5797
10555
258010
55679
9145
54468
100847047
1456
100463289
9148
2987
80381
8795
6237
27173
3313
100500915
100302239
11130
11319
79648
185
100500938
9153
55757
2297
138311
26986
5511
4621
25959
10454
338645
151649
689
83637
1677
6092
7222
414332
5244
115557
51367
8850
83449
58506
137902
4248
2628
285
5834
101929199
84660
158062
6793
81573
283991
23594
10632
101928717
6573
54471
138307
54556
7556
169693
100529097
6173
266722
9644
389812
84074
148109
79966
27199
134266
55326
57180
285588
388135
11147
8531
201475
54813
85014
23113
92181
9473
468
5018
134701
9150
90161
340024
79585
8395
115294
161514
55840
57165
1672
285590
574432
10150
1671
200205
54894
84960
1669
3661
201255
79137
728358
1667
4016
51599
5832
974
84669
9098
1491
10197
91582
1668
6565
23116
8314
116224
54039
1670
79029
6295
8673
101927363
5568
57572
5911
8603
100131980
101928622
57763
100289462
1673
2395
78991
1360
414325
55894
253430
26090
348932
9478
101928627
6119
26251
693189
100126327
439933
124535
653423
10407
100508631
10791
51167
55684
80148
100616435
259236
2255
4926
3266
463
54492
9262
27344
101060363
5478
5733
414155
503618
140596
1843
64599
27190
5243
503841
245909
4297
388289
10010
148327
91807
504180
245908
84419
9527
151194
9026
91833
5713
10795
63982
8794
9399
389813
7782
57222
10245
29085
23255
6605
55015
388272
130617
8793
440498
5635
645954
114990
9406
79991
503614
245910
8911
10907
158056
344892
100133251
100131608
8797
84706
7392
3843
9837
143662
65012
8838
9414
79974
5881
4729
347733
29122
161436
9093
100287362
57520
8721
159963
10884
55908
729756
377047
91782
257194
151648
339448
26258
1359
339906
6118
9110
440348
387758
55966
604
4634
2840
84135
50837
50836
50835
8424
26526
7186
1291
1495
127255
348980
84033
100533464
11272
94239
55847
10294
5207
8527
83596
27293
51255
1804
261734
10084
10899
7015
8790
57407
51533
9545
84162
57507
7321
54461
9413
5371
91057
79863
9761
84826
55339
283463
113263
143941
79155
112609
374882
5745
388963
320
23253
733
84747
129303
55366
100526835
51086
9498
22850
55693
8816
10160
101928776
22832
390245
493753
79667
55576
375743
84058
286256
8462
81831
3163
100132396
51121
25972
203069
50839
57045
58472
5554
2287
50838
138255
101928638
157285
151195
5555
5872
133418
137075
5814
10928
56920
9258
22998
84866
3382
35
2992
10248
51175
5730
317662
256691
57817
2056
3276
50840
55324
126075
81559
140432
22981
64005
90459
259296
221336
259295
259294
27301
220074
259291
259290
259292
259289
259293
84552
401562
353164
29965
121665
26123
4099
286257
8992
23137
727758
389337
51127
6329
8428
140838
6091
9022
55218
1292
6341
26152
342346
55327
2583
153222
118738
127254
687
55113
5414
8290
101930018
100133121
100132948
548321
81533
92815
124402
100616252
128312
56985
6452
5544
149603
11320
286442
9056
101927449
7134
100134091
619208
100500822
6232
57697
100616251
627
58480
192668
388335
26083
6564
1429
10058
51181
8877
10638
5867
2140
6242
653643
653641
342096
199800
64748
6241
92340
245929
245930
933
7855
117285
101927476
654429
79750
126731
245932
9989
5949
212
100132831
23234
11188
389072
127253
23295
58
2717
30010
151903
5891
5724
57691
389362
4697
7019
57611
51379
431707
22826
9748
196513
7325
4017
245934
5545
245936
91181
126129
245937
5542
8514
80114
28954
55746
26036
20
55159
9705
3910
653247
81037
122704
80031
5257
150350
84309
56912
154661
9583
204962
4436
10213
197259
22872
286676
10841
133522
9402
80316
3188
101927501
6596
51384
389860
79152
1421
644139
2120
1420
203569
100131755
9678
1419
10447
23218
1418
79668
10713
93974
81930
81502
113828
9096
23456
3384
389073
23348
388336
55004
11031
83667
389658
57452
124401
79726
101927528
388456
196074
126074
647589
84203
118
407006
27097
5803
372
7324
51021
3417
2057
84221
9821
401563
3739
2529
4907
2488
9816
662
23112
7455
25906
79915
100996782
54797
56654
120534
9218
28512
2864
34
101928224
79370
343990
2865
64283
744
65979
645158
5145
79720
2867
2590
90736
3671
51309
388533
4323
954
101927044
57139
84457
4026
54470
146562
83605
80036
55972
51312
79605
101928672
89958
100505592
55471
2831
158
63027
649446
100506627
341019
4986
6138
100463488
26048
91373
90737
283652
55230
4047
1770
51566
22796
4824
201477
137814
101928723
26038
101410534
124404
9532
6781
60385
221981
284215
10716
83844
23166
26045
55320
51270
10956
11253
51715
5876
183
2239
23457
337867
1482
23683
27352
118491
81099
953
147495
160
50804
11164
26020
8612
8614
10753
64374
10863
51606
2841
102466719
23187
1880
91272
8774
1308
54531
84622
9375
9975
84886
7534
29952
388325
4438
2079
63893
440335
7170
120526
348738
2352
54659
54658
54600
54579
54576
127247
22982
161253
28986
256435
171425
3241
158880
51298
147525
80705
139628
339290
942
196294
54664
9135
2348
81849
10325
23670
4040
200576
2719
645355
94160
85416
100616244
220965
64220
5433
7546
101927150
9823
125113
5986
79573
80315
101927168
79641
10026
26610
347475
400643
2350
2081
10157
2632
10227
22976
101927188
399697
8929
63895
84295
100049716
10988
54575
5095
83607
55334
100463487
126567
51104
202559
100500816
284083
55161
133491
15
26289
11279
25759
138241
846
57231
3636
80199
1104
51123
54577
6557
138240
55852
64801
284451
8602
4953
87769
375061
8601
55147
101060037
10926
8174
51617
388701
25797
57591
56155
79977
440730
115948
285386
79595
26009
123016
6146
79736
9615
6334
84899
51557
27299
6531
57282
54952
192666
54578
3397
7803
100192426
8888
147183
128061
101930417
101929892
400224
84701
101927231
100287082
353288
3251
84656
442247
100271702
388591
101927275
6883
29978
54682
55803
4488
2902
598
169981
342574
101927323
4082
55998
5080
118426
10761
10602
115273
388969
7763
1475
2847
56936
101927350
310
314
9766
5589
8443
10691
131076
25912
401
101927410
2868
259232
23185
22974
56660
389549
83988
1836
91978
3066
10478
285429
79651
117531
26355
997
149371
10463
1854
23032
7068
79676
162605
100874234
474343
54466
100874370
2774
83932
11181
102465480
81857
3004
221749
1272
389816
100505993
8872
84101
79954
54583
100652846
101929303
80125
283440
159090
81570
8756
1812
29882
26240
216
101927110
51263
85320
221806
6917
2873
682
51441
440034
5954
54059
7257
94081
79065
100133046
553128
57292
3813
3809
3805
3803
724102
9782
85366
93099
101927433
8636
4985
79888
100127889
158584
253559
151393
6439
387707
2307
286262
93664
374986
6767
50484
8639
94107
4741
7490
84343
389206
53616
128853
54058
23463
54657
301
5915
101928396
1995
220963
3858
152573
4927
158586
147184
27158
8030
390992
119392
57132
115950
387509
2200
339766
81789
2035
100128264
3361
3064
8507
29855
91624
727800
389136
22993
1583
375791
59277
3274
643596
159091
3638
54619
85477
142680
6096
25978
10396
53635
10814
9358
51295
1436
2956
10383
150590
84282
79725
29951
55778
11332
5493
401565
2259
80217
55355
80824
23469
164395
441476
7789
139886
1656
54554
65258
25920
84268
610
497259
51601
27185
10480
54863
23229
7174
643
441478
84321
63929
100507577
83752
3836
100996324
288
8880
132660
8482
283149
64979
5442
2538
101927582
6430
100288122
84460
5449
100847080
222537
493860
54932
23560
7379
100616130
129531
84937
2020
51559
81572
283464
285888
5159
80005
341405
7155
343702
5746
197257
79054
140706
9717
196541
11284
1389
284233
56180
10434
10138
643677
2842
10811
1264
51550
399474
11080
150353
9978
1356
1545
162239
93081
5116
6429
140803
54810
101928993
9898
3355
377841
51172
84993
440387
7566
79056
8545
64943
6477
79070
22995
5737
2033
57568
1504
10578
139285
2444
84337
54841
79832
140597
142689
1112
5138
346007
55139
158931
10964
83666
9683
340542
55613
100506302
1027
27006
54627
100533467
118490
10124
51102
84284
81575
91614
245973
5889
101928434
199692
51366
101927005
101926958
440224
3055
4726
55658
2073
9564
345222
708
101929549
100422907
869
55071
100507560
100507387
285596
202134
94
400644
64225
101927642
123970
56886
55906
51202
728343
56001
10561
84335
50805
138199
55279
1044
644669
285237
101929584
3074
54
155435
83746
6534
6555
100302135
80003
9895
100507589
56052
10620
2042
406922
406905
10428
51329
64123
267012
54981
55346
815
221294
23181
6554
29088
4133
102466223
26012
399694
1948
124491
23090
5532
6636
644538
441518
54626
2115
55082
8933
6416
4166
64093
26578
64321
26071
1300
10272
6002
728215
23563
84913
389207
54967
23270
79735
83715
100128893
255919
3981
6101
79583
400668
84945
114757
101927571
1198
120935
386617
29940
440957
100616139
84451
8869
285525
10673
3670
5064
11345
51138
1803
91
23741
3775
6694
114786
5125
51535
768206
150356
1479
148641
728279
23536
79411
3613
55552
153572
2796
22843
388753
91734
168433
378925
100132476
81871
146556
126068
7626
50833
375484
6894
54793
144193
137695
222826
8718
126069
23026
55312
203523
6561
9446
3672
8626
126070
342850
126353
10456
259307
254773
7259
359948
3735
3422
10123
2650
203522
340075
9804
100996648
9777
441168
1149
4591
375775
151636
340554
55027
153571
5905
101930150
4763
60558
122416
23029
10419
10492
678655
2050
23677
4956
85289
84616
8660
5326
85290
129530
90594
10114
51316
64118
374897
81887
165631
7620
84617
23509
100128327
404220
5725
64975
90592
7071
158471
26330
1282
23186
692148
3034
57179
284390
79192
92715
89872
56919
54386
9371
10610
10076
6285
27235
10190
57605
10430
23636
93649
64282
157313
2641
254228
116225
55808
442425
677780
51742
85319
85318
85316
85317
574
80153
85291
221301
85285
101927458
23266
728318
119391
90141
170690
83900
83901
23264
92714
3275
96764
64641
51582
1284
163059
55768
22884
154865
25758
100287013
196483
57198
171023
283345
5627
171220
116987
6302
100147744
2191
85445
1791
132789
85026
3083
100131378
25885
55647
7008
113
439921
10939
160622
9453
10766
101060211
101060208
728911
541466
441519
55739
1543
966
4067
51009
84844
100885850
100885848
10455
79813
285175
85450
51389
5520
6949
495
92906
6905
2565
22809
140688
7187
729747
10650
284391
10855
114132
983
285598
100500862
100500815
1544
56996
100233156
100132288
727764
79587
148789
54715
7568
1607
79739
3145
116985
51491
53918
4478
54625
10130
84340
23354
55193
2555
348235
93377
3570
90589
100505753
2786
83902
101060210
441521
441520
2637
3883
1445
3884
26273
345895
23230
577
29117
285489
9669
105
192286
22879
56907
100996457
401036
8576
6224
79948
100653049
3885
4043
10198
55775
3881
1212
159686
100130958
9912
3673
4146
566
149951
286527
11013
50
8688
57118
6469
113510
1130
283953
7695
8687
3354
7805
5657
774
1081
170692
64860
9672
9963
101060181
51710
79781
7277
665
170712
541465
79091
54930
140545
4342
147837
9886
101928830
4048
101929982
101928480
5324
126668
79973
171568
200894
3621
528
2557
23036
11326
221302
85407
23210
6717
100423018
3164
79171
1991
55771
55788
4811
101928664
1675
79870
55608
51231
9394
23197
1019
90576
100874164
54094
1789
9630
5567
79145
159195
392636
10687
3882
10224
7093
81693
79003
283927
2194
2776
124460
3841
56984
152
7107
54995
55037
7184
51023
4698
6547
27254
2116
150786
84084
163051
55585
51237
3300
4223
1808
116441
9737
5372
57687
729920
10025
391267
79663
101930053
101930048
401491
22838
56605
84131
64127
8323
2560
4071
1340
23379
116135
148418
5214
101929247
133060
9052
92979
9698
57449
101929302
4005
57007
10143
375519
25928
85013
84850
7104
101929330
55507
100528062
114928
406985
57150
406933
11045
677777
101929351
84142
9578
79748
50865
22986
22861
124512
406894
79959
58511
27351
54951
128178
55646
219623
29968
163050
10920
57613
6120
972
57474
80135
80823
55181
4076
51741
594855
64135
100616288
51455
163049
219621
64327
152110
2787
101930478
115908
79689
18
8874
84159
206412
142685
57205
150000
1141
91409
90557
219578
3886
81034
219557
27033
2547
3014
154313
102466755
7205
26872
79707
9843
8689
1486
60673
114815
284161
54825
101929428
51241
84803
25989
84925
1798
3964
283314
9757
55226
3860
195814
100506049
401492
100113404
389333
85437
56889
1594
84246
415117
55511
91300
282808
442721
219790
57037
200895
83445
202051
5771
79713
8976
5179
221303
1540
130589
55859
25879
25801
10809
7091
25937
100873746
9854
91574
166793
64750
121793
222545
144501
5798
4094
25880
100422869
6656
144165
103
677776
388403
1310
22919
122258
222546
56000
100874190
90113
4825
25888
4234
199746
134111
261729
101928282
388795
100616229
1040
100616441
5373
245806
101929548
63899
117178
574444
22891
148
80835
3453
25988
3754
126123
56659
10426
140732
130813
93380
554202
407035
83657
5700
388815
3866
54888
28969
100529257
55333
130814
55127
202052
54928
100048912
3104
80341
8747
79570
10479
8748
124359
90362
4125
60528
84634
79665
441389
23566
6208
400165
9410
10001
81929
7088
1820
101929582
10066
285220
101929602
51122
158035
56942
255231
80204
27065
6432
642559
392364
100126310
100126316
3782
3340
101928910
440078
25895
10699
128859
407055
406885
64137
406912
8099
10412
57418
55851
23250
101929620
359710
6427
389161
4809
89849
81551
9425
100129250
84962
55957
90134
10559
389763
389761
389762
101927302
79640
88
158158
23001
2004
79846
126820
51538
137886
101929639
9475
6299
151050
10654
79784
51593
11346
23589
1581
55839
26049
304
54437
4351
53407
10989
11191
257019
10195
101929688
374819
57038
150365
60686
101340252
100113379
9903
641700
126393
55283
55137
2012
84292
58529
6386
148479
10102
101927905
340061
23508
23553
389634
4548
414328
3880
149954
79671
90326
91977
55125
388276
148137
79933
84144
284001
6677
7874
140683
27324
148423
1293
56271
80070
4293
29979
91828
55696
128861
25841
5128
8915
23300
2170
57326
9699
11342
2904
3855
645745
55206
389075
51297
55735
23576
847
3899
1297
80318
152518
339166
23302
3857
730130
55627
116444
2861
3861
115703
3491
64434
246312
23595
84890
54075
64129
79833
1959
101927797
101927057
4974
57184
55051
23087
2001
54680
729092
119385
91304
29982
55582
90843
23263
25913
4487
83643
10672
123775
55729
2273
79879
92747
3748
60401
84267
101060817
2653
7511
90780
9873
10799
6262
84100
10677
6721
1213
79849
54360
9377
8439
6098
1265
7322
26298
1807
80205
3110
7127
23746
81501
114780
255631
2124
9632
3061
10531
80755
33
29035
114787
283152
102465667
10954
23261
57829
6620
4338
440829
23549
51654
2155
553115
340543
83478
83448
22990
1876
7376
253314
1131
84707
58510
867
3892
131544
56849
2159
5029
2903
56776
8787
3190
2888
101927157
152519
29967
221037
26262
2185
4868
8858
51523
54913
5031
51186
1983
51398
64388
51074
9690
115650
100113381
26354
9341
23414
79157
4632
57120
1259
9476
192683
3887
1725
79019
53630
6715
51164
2123
10347
8863
387893
27018
22837
101930433
101930011
8139
90249
8050
26984
57489
253128
196383
1307
142684
144571
79649
51135
55795
648791
5217
10468
84249
6000
11066
9760
60490
101927446
85865
55351
85027
57128
55964
9828
84261
345611
51318
7294
285761
80010
80790
11044
51301
91975
353116
9718
56905
2918
64078
84957
84440
55122
256006
5424
2271
3101
9635
79921
54478
6640
367
3
80063
9542
10133
10911
65055
2878
402682
3889
164832
10141
55830
767
1179
23201
118788
84063
221035
9955
102465472
9123
8564
100499405
84864
51651
2013
10106
115677
3604
170384
9497
1352
22802
5602
51720
5862
10959
102465453
4162
79887
3868
30000
11315
23596
132884
9139
51100
29119
116150
7006
1122
111
6464
10667
333
222553
4915
3156
9069
146664
57405
43
79102
118487
90957
10049
114902
83552
164684
23526
9403
728568
10314
85012
3891
128025
387119
57818
4983
81671
9653
4668
4724
83394
54939
5934
55636
58473
8647
8543
150368
5336
146279
54622
91689
9156
9099
1135
26037
10318
9819
57696
4682
775
100506869
55074
5693
57606
101928871
374467
79002
8988
440738
8451
286451
112574
960
145567
23053
439
54206
9338
27075
11082
4700
200150
4140
23287
780776
79083
5586
50651
1453
2984
10551
64400
63941
9687
2121
5434
84807
3872
57876
4584
3916
101929829
1565
9643
28972
122706
81833
79774
55818
57579
10870
54831
5756
113622
64403
1268
4261
473
108
2959
201780
6787
326340
7305
3890
1674
55208
9859
151258
2053
146822
121227
200959
60560
93517
155465
23567
139378
3888
100131514
347731
29911
9953
51299
3294
55002
56521
680
2879
56267
6689
79661
5376
5350
576
1163
79414
27336
9486
10071
8732
51280
254394
10200
5870
4606
7027
9119
51174
6942
5218
644096
81050
1400
26341
403273
494115
55352
403274
496
163183
79295
2162
112703
79310
22904
10087
168850
10806
389766
403278
6011
403277
26339
101928061
27230
23322
81689
23411
348013
285527
3854
55766
284361
2635
22985
2023
2264
9754
286887
121441
55813
51729
8313
7070
1012
9851
1967
4123
150372
1373
101930452
201562
126119
2621
3726
28955
10000
389197
27341
80308
440081
1947
5818
79068
554235
100996693
10290
2633
402135
6397
25842
23274
79670
84964
94030
2967
10472
3697
7001
196
729967
200159
253190
22821
2634
10535
84258
159
152789
5783
116028
128864
51642
79191
83939
388646
170487
23650
157807
1869
3281
100271715
115361
6794
11264
79632
23161
23417
201134
144608
6506
94032
10957
440087
83546
51287
8651
420
2619
135295
56650
257044
7142
401535
58531
55891
84458
5620
135293
25999
4638
84905
115362
5619
342918
3003
10265
23620
140801
2569
8881
3001
129521
6328
79190
51052
51043
79031
51029
101929274
400499
388210
5708
8320
163351
29948
9450
116228
64284
55017
80227
50944
90853
221823
137735
26091
255057
166979
1191
1612
54550
23507
23175
65110
23148
4862
25942
284
513
101927933
84230
9628
199745
3192
79571
4313
309
127579
26148
220323
765
146167
1316
9208
25891
84216
55144
64518
9238
51442
155184
9516
25833
134121
10209
120
64219
84986
100873763
3853
100873777
128866
4256
444
100652856
27112
340419
6320
284695
284403
121506
348021
219902
9252
90007
2854
1514
6518
93650
6235
959
1896
100873761
381
4552
24147
397
84288
54765
343472
22913
22983
100287114
8073
653784
80097
81844
8447
5799
692204
84798
5813
84271
8321
7466
6198
6654
492311
9459
374407
84418
9734
100616304
924
1777
8720
493869
84146
55214
3852
143458
64324
5201
101930748
55083
51435
29072
112714
8894
149095
7351
284040
29099
345643
54947
158835
6398
135154
100533496
286234
29926
9501
5780
3816
100526767
51652
84317
1839
100652865
83693
441509
643770
10661
80045
434
3646
6239
23365
10309
9194
4121
64754
203562
5522
201158
7844
4753
9563
23552
728361
191
100873767
79899
122769
80176
100874182
60682
5438
7978
79867
83592
84275
2639
8509
2570
112802
646201
1727
5149
9694
5354
23512
6166
64216
7352
121391
51465
4247
85004
123872
1053
55172
10927
10073
29999
6585
1153
221322
55554
55246
163882
10268
58528
164045
5054
84290
158046
199953
6996
64795
101928747
27316
728715
286223
140807
1155
83697
10657
23428
1174
51097
7112
374443
1903
5427
354
101928503
84817
83737
53358
51426
101929841
114659
350
51136
157753
374286
139562
6530
7201
53917
135152
3476
101928054
79627
1164
347516
84955
22881
7189
158833
5078
152100
54505
55116
23545
55272
5896
26005
6160
107
257364
8303
345274
375316
5897
23324
338811
1152
10142
25909
1464
100506746
132989
79048
9013
51061
100506159
161753
10267
64343
5030
3817
8317
925
92856
319101
26112
51714
407
56943
2900
83463
400629
54940
92912
2837
6745
256126
55515
28951
9076
344387
27044
100507650
157570
64147
93474
2760
119710
29066
63897
83658
57116
4299
79586
93621
7049
84557
5293
57689
152098
6326
6286
3849
23633
1645
2193
114932
79862
83468
285641
55330
83550
826
7547
388759
51209
9778
3699
57594
7678
267020
26263
811
53947
10507
23517
347517
404734
54882
286183
1346
80017
84838
10626
158983
140739
8539
79701
130612
219899
93035
26156
286436
10686
55872
147929
3484
196385
8836
7705
51400
26286
153201
128869
10912
57677
200081
401612
146923
3848
644353
284406
27303
54892
54769
114548
115708
55009
139231
131920
9622
5800
5250
57533
374454
2258
7274
27166
84924
7007
818
122773
23054
127623
9529
3344
2697
676
6850
51248
25818
51350
253943
22883
79140
100996919
84939
90673
161931
5886
148823
57563
3298
7425
11252
80712
375607
55721
599
151354
5653
81472
8110
51003
145957
81470
23588
339324
81469
132299
549
441933
100529063
80034
343169
6309
93107
23363
24137
2158
10960
26188
346606
284532
58189
2775
391189
4783
253152
25893
8106
149069
388327
400966
58476
26280
57711
2935
343171
283208
55761
343172
90480
4920
284697
199699
4601
284521
27319
7291
9166
57515
391190
102465133
9958
391191
9420
222894
2686
81466
26246
56063
391192
10801
3486
127059
1943
284111
267
391194
127062
7048
26245
345275
23285
10558
391195
5570
127064
391196
56998
55156
55388
127066
206358
400002
127074
9914
254879
5650
388649
26696
401992
221830
84665
343173
101930395
123591
401993
286133
391211
5578
283209
343563
127068
10636
127069
23276
284004
127077
403244
57226
374291
56157
403239
51144
401994
257236
3831
10008
51310
55275
93624
101928100
80851
8985
4784
80273
762
80157
84328
11146
79894
2196
6653
608
84911
57537
11202
25930
256130
79072
2591
25809
2108
387787
92283
101929304
92017
11051
203447
3376
101928162
389643
1371
346389
51540
26469
4066
2838
10714
221120
11138
638
55313
163081
10285
339896
27349
55657
2593
55239
4168
9650
284366
51594
706
57707
728780
2173
64802
5343
5342
729993
8668
27091
3696
64770
10402
220202
116362
342892
6569
5655
2672
23170
55140
26094
23195
100506124
79809
9037
10278
26528
388536
64081
84734
23406
55621
10924
267002
11012
55902
8751
100287102
134829
101929306
27092
3850
201595
64759
25850
440097
345456
80212
7813
10277
653635
23142
8611
2072
3932
3851
387763
79786
768239
390110
3556
131831
64101
374899
10345
80274
3952
3623
6125
583
402483
60312
285782
196527
414899
84680
340273
6906
729857
84959
55131
139221
64843
3700
388650
57496
9100
786
114790
153129
112939
2161
64806
25884
55086
43849
101928626
102465432
101926970
3065
101929612
3189
101928379
8677
116173
101929540
100288069
339768
57335
101930657
100287934
54739
26085
55638
254225
9931
84560
6209
400728
101927535
79854
9592
55035
56253
49855
374900
643837
22823
4504
6678
9147
144348
5150
284593
338785
134359
114884
284600
758
79864
10467
196374
124773
100288175
338817
22999
2870
2059
147923
390259
2132
143570
475
24146
254099
406984
406983
554210
10513
100506376
55571
10297
29915
339977
51315
693198
51170
84448
50834
100533183
144347
6443
131566
387841
693199
2937
55288
50999
377007
83716
43847
100506314
64800
4624
90353
1595
10146
151176
8493
134145
53343
27180
401541
653275
55997
100129534
79589
150572
221833
51024
100133445
284996
27036
80895
57644
100996583
5073
4969
6671
3312
199704
22937
6155
440556
53349
93164
132671
60529
693135
4958
1981
8404
100507353
773
57212
79415
92285
5955
100133612
54829
728716
154215
3732
10023
284661
196528
22948
401335
23095
100616489
100616421
80758
6478
148645
148223
100422975
343099
54857
23401
55625
100505887
65108
1834
3364
54885
1842
81629
8701
25830
1758
154214
401387
100128071
7401
945
27012
54763
5368
163087
6508
162517
3381
54760
64768
1945
9051
85479
1847
83732
2066
11171
100505975
83659
284369
168507
55893
407040
401399
1810
389125
23299
101929074
100526772
375346
1627
100847055
64854
9789
64792
1944
4502
116931
90139
100422970
100507342
284459
157574
5718
9126
51283
4493
4625
83744
101929136
100873935
55108
4499
402665
54859
9612
101929181
84694
4489
10825
100379251
92840
200407
151174
26829
147645
4490
23223
100616438
26133
341152
100652777
8399
1942
4494
54874
101928290
8111
84675
60468
2109
129285
382
9764
239
4495
1741
283551
89846
731220
344787
196913
339366
4496
339145
889
23171
4501
79609
7164
1295
101928340
79827
2741
100288413
65997
11309
152189
9537
100288332
642799
642778
10675
203328
112616
55741
3614
152579
7976
8412
80099
440193
84270
54918
23199
55502
125875
8491
55974
4814
6885
4818
9688
2137
101930025
23420
57476
256979
344561
3982
79710
51143
6323
150379
30836
136227
205147
5226
84503
55680
10099
22807
101060179
56981
2730
56923
114788
80339
1392
147646
23041
440400
23212
57586
148266
6655
728116
100526739
378708
126520
25983
9260
653121
58517
51659
100507050
55756
399664
25813
22987
79834
54344
2043
339487
10544
148268
53615
10893
24
9169
404550
6559
200185
65268
6599
55536
408
10328
55800
137872
10363
101059953
101059938
9284
89790
8864
51071
29780
10975
101930241
50649
8997
390927
84319
57488
81576
54436
56955
79850
10011
445577
3692
6335
54828
8637
93408
2890
51020
158293
1325
1327
84245
100529209
124944
5928
8534
1676
9411
28974
136288
55343
84894
26146
5195
163255
1653
1408
23196
51460
25904
7378
2045
101930296
353149
23102
9709
7753
23042
23493
51276
56159
3430
9479
2168
81608
54897
390260
5253
64098
50628
54514
390261
80128
3394
128876
102465499
10307
286410
338661
143678
79944
729025
338662
5825
79930
55112
121457
56033
27181
81493
136
55258
4257
219875
65249
219874
22835
27109
219873
10788
138639
29909
390264
342977
219870
9934
2294
85446
92129
130733
9409
53836
125150
53829
9075
2152
169841
57648
1523
79173
79618
55245
729767
4801
6188
219869
9771
390265
55285
162494
1763
5077
135112
51031
441457
54754
6929
89858
64779
84334
64805
84641
154664
94031
200523
54862
8789
6696
285313
84708
79582
3875
4013
120071
2203
101926966
390874
4613
57690
85352
148345
163115
9451
91869
51665
646892
84247
117581
54902
7434
10518
101927758
84775
8310
10827
126969
23435
8565
283416
254778
8034
946
1071
55615
29923
84909
148229
5311
81553
22934
11259
126231
55885
283212
22907
79694
8906
64766
54830
9759
10690
3419
2303
84889
7517
2300
57460
23376
100506581
101928772
79883
80312
26511
26494
123803
219865
9429
2176
283159
4582
283160
51317
170825
26595
26502
390271
283162
1266
8814
26493
83889
553158
23779
219858
5580
23303
4238
13
55671
252995
81544
8200
4603
151278
79791
390275
130367
199857
116337
54700
347487
7728
1975
11183
256227
64149
148534
29934
56479
10056
51428
8778
23094
139212
130074
255877
100527978
3569
84897
1846
100049587
283092
7227
283093
57455
25950
56670
11190
375567
4303
81631
10747
402117
54543
55749
54467
6332
552
3036
55798
11055
6658
135114
5156
286411
55568
101930008
6723
152992
1038
100133171
728695
580
23174
90993
171490
3208
282996
81539
23641
84668
171489
64663
255027
728712
30014
113452
83855
2357
8667
7372
60487
100129128
131405
9457
2358
23205
11322
89927
1233
51669
101930538
84443
80759
127544
64648
644444
5394
6909
5727
201232
317
8193
139081
4154
5631
158830
81926
58155
84294
81491
4134
5663
3561
29078
55773
340168
80124
116255
154288
9947
57338
54540
55466
441161
100533105
23678
27250
643853
2720
27201
56260
152926
114792
7296
283417
871
23484
162515
100130988
54414
949
51438
55178
1806
55041
3815
57798
54758
53340
10462
2181
101930221
101928932
101928170
375748
8532
4900
26154
10320
64359
100507642
5885
8525
84166
388407
9665
4705
729475
7059
51375
79685
9496
51614
79820
7447
619373
30816
3293
2475
4314
79785
10671
113451
9611
442497
112885
441307
441525
101927000
387103
10653
163404
139067
55975
11046
51062
54732
133396
342538
139065
129446
494119
433
55510
389898
23584
113178
195828
2359
83990
84870
9890
94274
22927
5189
113829
253714
55008
10762
90952
2288
80349
113179
80745
8140
929
84765
81847
5223
9968
221044
79677
1455
54407
4135
54873
84502
9421
2151
79684
1831
763
8708
80168
1381
494118
65251
63979
2149
11285
55223
90379
55643
391059
79898
27347
84649
84631
3658
10202
389090
8555
4695
57508
643905
23367
9142
150681
5989
346653
101926963
59348
150678
442907
993
56954
10493
3791
115004
150677
117579
2150
90522
4580
9466
84691
6676
7405
342979
64221
100653071
10491
54820
23704
170591
102466515
284370
123036
7857
55374
646457
26032
79038
7316
100507424
55846
11030
130340
7481
195827
2332
80110
10603
7086
7756
5612
149076
22869
4118
157777
5566
11097
100630923
100289561
79706
1393
4192
127550
10218
3693
60485
2872
9868
3166
158431
29914
219736
92482
55723
9668
100287238
101928749
100506127
441376
100287144
432
54971
100287178
100287205
25821
3127
100288520
11043
1912
101927021
5454
100287327
100287364
178
5264
100287404
284371
169026
64969
1644
348801
26235
100287441
22859
114796
100287478
1132
100287513
1515
79644
728419
728405
728400
728393
728379
728373
728369
55862
55109
57590
5288
10329
728386
10516
64073
55858
260341
51191
9424
253782
101927125
100616160
2961
101927181
29928
645843
100129654
5028
3572
100616116
79009
56946
5912
100129216
644414
84553
4629
286187
80228
55626
90390
54538
976
56270
647309
56606
10276
57522
56156
23443
55076
10826
2131
2817
25827
57828
344901
100507341
101927256
152118
10987
100996939
84992
23371
65080
100499483
90317
57647
64645
57540
23313
7579
162962
147138
26084
2936
257313
51805
1742
221184
26232
101929134
8916
340547
8036
29
163786
126308
9969
7380
1816
5518
84627
441191
113177
161882
55007
8153
93611
401474
54482
144577
51013
55089
51281
6546
3550
9948
9575
283254
4982
23424
8904
80011
2615
124245
10901
127495
27127
84873
114784
158521
10584
25987
51806
813
400950
84327
54784
7111
1629
5626
810
26150
27189
5516
51199
222229
101930363
101928349
91461
5714
8943
158427
5716
10457
23138
56154
2334
8634
79754
347902
641654
220296
471
1535
100141515
23368
10212
91523
9776
170506
54413
4686
26270
199720
80071
79722
64777
4856
56667
8622
266812
9321
29942
29798
4597
123811
89970
131408
7507
317749
123688
57493
2304
79848
7486
89932
219855
51531
820
611
10459
55363
8556
90321
387104
9729
51385
10342
2192
348654
10541
147965
127540
90668
389458
83714
285193
645700
147657
5585
54187
10144
333929
84970
5685
84561
115749
79657
113444
27436
162963
115992
9830
115416
54112
57140
400713
150
5439
23568
374946
7464
219854
5717
10966
89869
10643
51090
84436
1138
9556
7412
115201
6367
4363
6376
2709
352999
100271927
1136
127534
5731
392
100129484
2707
6361
55357
54906
693174
55651
3084
343930
2701
2135
57678
1143
3790
147658
100874342
64753
58512
5168
132954
10755
147660
57665
7342
2887
9568
11173
79797
4647
10874
115727
11260
388558
63876
84444
11132
776
2147
57019
6873
2705
51611
122402
203286
101929469
100526794
9204
100506144
85460
55763
79672
55762
2305
102466736
55111
1181
79695
57085
116449
93034
9362
3423
3337
1901
1306
25890
348180
8175
387357
55769
10933
2224
6975
118427
441194
166815
10201
2318
285513
8851
84060
29896
79075
10565
3182
7046
101930322
368
9638
25814
10170
9524
83695
257415
6622
4524
4642
85365
93661
7289
9203
10952
268
64798
7477
79830
9793
126306
8013
10137
646424
55267
7707
220032
1915
285231
23623
57017
4946
51703
55014
29110
9957
37
7004
5465
9054
23071
4713
9487
9364
5432
130497
7373
5058
9538
64122
344758
81856
579
100500886
84926
130502
27130
1288
162966
2665
6261
259282
647286
388512
150383
408050
1512
7576
8909
374569
10343
1301
84750
84658
4038
22915
5796
3489
55020
4311
6421
140823
23122
54881
54477
9167
201161
9662
1185
90333
5364
401145
8723
374872
91283
162967
9144
55715
101927354
57094
645191
100526694
9780
51690
8577
8435
347273
91966
4841
101927180
9296
51512
360200
54886
80243
9202
84449
57539
81620
90693
26517
570
1207
101929597
6904
55870
54534
79096
55599
84823
2895
3663
85007
7743
4878
353
340277
92922
4879
4616
229
101930060
90231
28998
101927391
84287
2788
282679
9584
221188
648740
280
4901
84302
728269
4108
100505921
7314
100506164
100130086
80185
23242
2588
2859
101060412
57482
3703
27085
653437
56254
279
100529240
125893
26153
283349
5351
148252
91522
56899
147664
100271846
55687
100505938
84548
278
277
276
408029
114885
29985
5106
116443
100132154
100132004
554226
375318
474
6449
5535
101930388
101928143
8650
101928448
90338
5836
1539
26022
132864
132949
4214
55154
11184
54853
64131
1111
373863
2863
56916
84549
51380
10867
51773
5923
170850
1021
79845
672
547
4036
7064
55786
78986
7083
56341
54809
51693
2799
10592
55170
6641
114905
56164
285877
116328
28971
390616
3037
30817
116372
22882
219285
222008
23423
390748
57504
727857
4110
51393
286753
3035
23251
23480
115196
137970
92105
57396
7531
138805
138804
100528021
200810
138803
79139
400410
138802
4148
344148
79932
138799
392376
388021
84766
286362
22854
597
286365
1287
863
25934
84364
6940
253012
152015
55335
133383
4107
55255
400258
283820
9927
55349
27306
145447
54469
3908
55540
5471
125061
23007
19
27335
84671
1398
100532726
65987
7069
57545
23534
79788
4718
56
5437
4249
342926
80344
117608
148254
124912
51230
10451
9620
81
93594
80032
80108
64429
9741
29763
126295
189
79053
166968
54522
64423
58492
23151
317701
23154
317703
112401
165140
55610
1956
23329
79816
91664
285676
23498
23446
23213
81615
101927622
64781
197322
2916
541578
160065
2184
157855
60672
345462
399967
1643
100169851
40
399968
29957
1013
79919
80139
219844
91661
10015
30832
143187
25771
83480
54946
83856
147968
126017
943
9509
6382
148545
57097
152137
9915
101927524
146429
283219
7089
29118
4852
9289
11197
197320
728763
10611
79714
11160
84893
51282
653499
3963
53
51678
100506025
2218
57558
10606
388341
653149
140894
339488
4641
114088
93663
285315
5690
6887
57336
7133
127703
6347
55151
29123
58489
894
26548
57547
284611
51372
6210
1687
283337
9846
25817
10046
340348
6731
3960
113802
58499
63967
26659
93973
23204
84126
26664
4534
390892
26333
26234
26658
80230
55422
2036
55249
3695
23369
1891
8471
6511
399671
2986
6934
55119
5887
64210
84985
57103
22929
641371
126402
55916
81542
58515
23581
126370
23630
8074
2251
11212
85360
101930112
6687
101927609
50937
163479
9314
57214
23592
10880
121536
10881
57102
55187
2182
6814
9720
6354
23774
8776
10994
192670
10965
10062
25992
9197
132946
23184
100506564
102659288
3191
101927630
8518
84881
6356
25980
122786
129880
10777
11037
9889
122622
101060589
101060386
23049
253582
84525
23440
658
55799
26523
63892
503834
79087
222487
6902
55915
6872
606500
6137
22839
84933
6608
254268
79731
122970
641372
81796
100533106
54942
79607
59274
4854
84456
161502
83544
91662
11244
10324
332
126432
63978
79174
26011
10635
5139
6691
29899
6734
8633
23382
8727
8546
7818
27132
25960
91663
220382
166
130013
84229
130916
10499
3603
53919
192669
11277
5547
5978
2767
5582
79852
29028
285550
23731
79675
415116
101928589
84187
2769
81552
7066
23155
8698
84273
10398
65056
23732
23476
55290
9249
60436
22933
799
54566
100527943
5161
10840
55572
56926
285555
55969
79755
683
26031
220042
5431
10300
9240
51246
3187
83692
146712
80765
343066
905
126767
5774
80223
93190
79905
27285
84174
8646
10270
22911
1800
9949
54936
91748
283999
27314
1296
342125
60680
114299
9021
54331
161247
5916
5119
27095
8473
6884
23471
390999
56900
65121
346288
445815
11217
5910
152138
196472
51373
440560
101060301
649330
440563
343069
124045
127003
349075
10229
65122
5720
400735
57529
51763
400935
343071
51637
441871
57446
80122
952
154075
10572
55700
101929983
729368
645359
441873
440561
343068
401546
137362
2631
8558
57408
7295
155
101928686
4782
23495
1978
84206
6769
101929690
91851
51585
9360
7474
23074
255220
23209
3801
57535
653606
55093
286749
11036
162073
79631
145482
10184
51110
401940
9489
8798
9070
114609
284207
3149
4793
389668
51760
51016
207
9248
28960
54856
643669
3490
345651
23178
411
114907
338699
9982
28234
54205
284422
83888
100506371
10769
203547
100506388
391002
129881
79987
83475
653619
343070
79980
54938
8567
10098
400736
26059
102465801
5721
493911
64431
54456
2257
391003
114801
26993
654348
100507203
6301
2138
5210
139135
2792
493861
340359
124044
283726
7980
101927601
100133220
647042
643707
2049
312
136895
9605
29958
101927658
440295
50515
79838
4593
23164
6484
85443
60492
100505503
6218
79057
6183
23415
100131454
64110
151963
58525
8842
100526832
151230
1952
22795
8632
1977
1902
57110
388282
92822
100422835
9881
26248
645425
391001
59284
140710
89885
59283
51343
57464
64111
23208
100306951
59285
1258
645414
9603
391004
5723
9967
115290
100287482
157769
2037
126755
3601
6741
284415
5729
126433
140711
3181
222389
6016
6770
1260
4899
10630
79729
126321
64926
57862
441864
390928
27257
23392
56666
84722
908
407004
84981
55194
22930
9852
4103
84975
93953
25939
126014
114770
51573
3026
9530
80305
83931
100128569
343263
10411
23173
202309
7799
10566
374739
9700
4696
344905
22889
5732
338821
126410
9738
57544
23259
2175
29844
158399
57567
654463
6272
28999
84623
23743
5510
339403
157378
79650
64506
348807
4704
23355
84967
128
2833
285331
22949
10362
115827
83642
340527
285679
5686
100134938
548644
246721
7328
90226
127700
340526
84102
2564
646019
4051
100128927
552891
548645
4607
284612
5933
10298
55039
2790
85378
11236
4324
4292
5306
127002
2335
342897
5063
2113
342898
3060
283638
282617
821
101180976
282616
66002
284613
282618
57622
158401
201164
10599
83940
84514
10156
8120
57463
2313
100132891
29105
1294
9535
9242
57020
83873
1740
51530
7357
678
1459
26121
64960
2773
50636
5144
4892
8989
51272
6579
29070
130271
127
201163
2780
9794
26538
26532
253017
9181
284433
1856
26539
55095
4056
64420
4109
8529
9312
79364
126326
140699
6915
130
4849
7013
124935
84501
50939
55072
120863
1441
221191
283554
5204
23254
2556
64785
58509
83933
406921
406994
147199
2791
4715
101927839
113746
6688
6185
9991
55092
84083
10282
6777
124
122618
79165
727684
57834
55652
2044
29081
3758
271
692208
102465445
60626
11335
84239
692207
80019
23396
91252
1278
3762
123722
635
25870
84263
219833
55681
827
123720
8533
63970
29887
157869
147798
9455
285941
9788
2899
6129
158405
54623
3559
57337
3069
58493
2948
8935
114827
6746
2691
27134
131669
401548
63905
23272
1641
30001
57864
10379
23008
7539
125
9743
400506
22980
1318
8559
6714
26290
5702
79142
1060
4105
2946
3742
3736
6776
55863
113146
83640
3741
124152
3198
266740
4101
26287
8578
23307
157506
102465438
80149
56893
123207
60314
126
23410
84233
112817
5706
3375
9546
79180
64769
1317
10904
2944
131
6300
145483
246184
55588
121053
58487
11282
101060230
4111
4157
79143
84928
8538
53339
4908
9128
137209
79912
51704
7538
79753
11330
2949
84103
10381
4826
28956
7802
220388
9267
116541
138065
728461
389903
158511
84839
122616
51626
57101
120224
65009
5913
6713
53346
160428
166012
2947
9209
9465
152065
114987
57111
645840
114112
51004
79042
4145
23438
7450
27067
51564
383
54836
92312
56259
246213
93587
81932
4798
79574
124274
3199
100302208
101927911
210
50810
133746
83547
23518
10658
84991
653166
128434
9897
8878
2813
54107
8086
9985
29889
64857
5965
9675
126541
257169
6815
153527
64841
646
4102
284654
6203
55361
23217
1435
56147
7171
130507
9971
6457
3200
5600
54955
3973
3201
4547
3202
11337
58490
55038
79868
3203
10594
5719
136263
3204
414157
390756
1069
3205
10979
54843
1358
118812
222234
4218
7369
50814
3206
101929809
11025
9456
10768
29933
3207
54931
57188
3209
51142
60370
2128
23654
56953
84941
6217
64921
83742
5998
84303
928
85300
26228
23399
117286
9439
4722
56146
56980
51026
26017
55789
85369
7052
51200
204474
7384
101928524
101928497
57092
4000
114971
63036
55236
27231
55090
167153
51032
7739
85449
55709
389493
54849
54988
257
5209
8907
164153
100505679
55143
414918
3714
101928619
388662
101559451
56145
730291
168417
79711
149684
671
1613
728927
56144
114991
2798
842
50650
56143
101927979
171389
285556
51655
3749
27071
222235
79918
101928000
284656
51149
259
118813
56142
55200
55284
285382
286053
56141
80763
5361
10365
123876
113220
64783
54993
56140
2998
149175
23341
1962
8649
9752
27107
399888
340252
114900
9407
56139
6152
3929
11112
6829
10221
79814
51427
8910
56138
23788
1938
85301
10400
84301
6248
79982
9122
339967
80821
3945
100130950
84942
157638
51588
23587
5462
6921
220047
440955
4609
6774
57602
5004
10542
10990
389208
957
56169
334
56137
80162
84432
58513
132724
5005
3015
3744
9701
23207
2803
3764
79598
7224
56136
387733
348158
3737
10581
54968
4735
8519
56135
10410
963
10743
23190
57148
51341
79841
338707
285311
64218
140469
79693
55791
92806
10060
91775
127687
5605
51571
79007
56134
9175
80709
4520
10234
4828
102465495
65010
131601
11187
128338
340595
100507679
23325
6305
340596
23089
8301
115265
23478
727910
23643
6296
10288
83787
256281
64240
149685
51705
23061
8887
3633
79993
343578
29930
202333
2622
56133
154796
10390
25861
140679
56132
1366
101929245
285902
10793
9673
100616466
100616401
56131
284723
79913
84699
26167
283431
388595
114824
55607
3938
23360
9550
29944
56704
9640
100287428
7421
203197
23019
100527963
54751
10946
353324
339883
7132
26051
6720
79961
59307
9966
54332
56130
944
5169
345778
56129
1161
80127
56128
221895
57538
57717
3358
100506755
574456
406971
56127
56126
64332
79924
50807
56125
23013
81610
28983
6768
652
442898
51548
23279
55586
3680
51351
7060
2086
56124
11243
84968
56123
3598
124997
92609
6517
56122
168374
64241
8726
56121
83884
9154
51050
9855
125972
29068
6879
7367
90407
116285
5530
11026
1117
750
401317
9586
56114
2275
84167
1033
83690
11105
79022
353514
632
51118
56113
55623
56112
54756
23547
3371
11095
55819
56104
7709
2492
10128
60625
154807
10523
338440
5453
840
64121
2972
4100
79541
643854
112479
222236
10838
101928634
100533955
100287029
170689
91289
26781
2990
652965
10548
57631
139735
56111
283171
118432
56103
50514
5167
51501
51087
4329
10683
56110
56102
11219
3903
7364
256987
200879
149563
5069
27159
55238
131368
677763
284023
348303
5444
27129
399979
100422983
727676
10217
284119
3174
114
284029
170961
121340
255426
81490
6425
10720
401647
10148
6667
5345
5151
126272
139804
6337
100134368
79939
56109
100527950
26292
128344
51213
163126
9512
60494
4175
56108
29124
79957
5795
100847028
100423037
29781
55907
81025
100130285
101929365
56101
8641
148003
2806
79949
9708
54504
5016
119765
56107
119764
56891
54933
390113
55024
56100
256148
724032
9935
256144
56106
5446
81691
9441
403253
79647
84654
7150
283116
5601
1187
56099
91750
646754
23245
56105
283629
55118
79084
1984
8820
26025
55702
79776
23381
1951
50863
4171
5176
535
9765
56961
55559
6050
1006
54490
515
1490
7077
126259
5335
10873
50853
6489
4725
91942
22954
214
219595
2346
128346
101929409
101929387
10175
7099
79187
269
26060
1178
342900
1188
1620
140
1615
84283
23167
29082
5358
348487
54458
79086
56098
11098
10494
9149
5906
100653515
1280
5588
435
123879
643155
1969
5445
146336
64116
57149
101928718
55924
7363
57348
8322
644086
1124
112770
101929440
729330
2764
10941
338917
1009
11218
11214
26002
100509091
3959
10086
5828
65084
59343
4976
8417
55567
145553
79041
4055
633
2874
574537
57688
114823
134860
83551
101927218
319100
5569
100528064
3752
391104
9038
5826
9287
134864
128272
10668
81318
27291
8876
51101
119749
9997
101930235
729384
399939
79097
55917
81327
81328
79363
285668
81309
27284
5333
9945
94059
219428
27340
27000
148170
284434
27297
219429
55620
81300
54455
7482
219431
219432
3574
114826
23682
3904
1890
390142
219436
23051
219437
219438
1003
6783
26338
4738
26099
390144
84767
3796
440836
51517
64900
84954
11075
55755
113730
644186
390148
4790
868
10798
282770
90187
338674
1075
219447
120586
666
390151
390152
84171
81168
23309
219453
5094
51078
6455
11027
1446
7852
23034
57472
84181
374955
3786
282775
219464
146227
9847
390154
57146
390155
219469
939
219473
390157
219477
219417
50512
51292
8460
1375
29843
219479
186
23639
390162
219482
64410
124583
219484
55707
219487
7783
11254
390167
55080
390168
338675
219493
1955
123624
10036
55691
23462
6117
222171
257629
154881
27342
26190
7084
146691
644150
142686
23192
2915
203413
51666
80731
1428
7299
2643
146760
5711
492
100133301
9002
200030
55672
84795
7203
10859
80700
92304
26147
80325
9940
137835
4916
23499
3176
201625
27151
90293
390174
283189
51447
84461
4126
390181
7185
219527
90135
2324
187
1447
1120
54879
114897
6779
9805
85456
51192
727
1801
6843
55033
6749
84717
28957
5701
5024
51105
101929695
23241
10394
3347
93323
84692
5166
5553
84725
51108
23542
4978
100529251
8875
11122
3257
50507
128229
829
219938
26277
134083
29015
11169
1780
26589
729359
113540
22997
10261
11064
64963
4245
440503
27292
56987
11024
83450
55237
7163
51258
6431
83700
646658
101060384
729587
729574
1841
55069
10577
4343
116843
146183
9696
9378
57127
11006
201626
11343
51552
410
26013
643836
378
339745
30
3346
6206
4650
116844
349667
4237
23310
9918
55500
64772
7323
4289
124641
84289
8501
10501
55070
3090
11249
64782
146225
201627
126282
51119
643314
54521
353500
56005
3669
7786
85358
122961
222166
23400
5576
223082
375611
49
123920
92002
166348
53353
3811
401137
647310
389
7051
55253
2070
23293
10485
146223
29927
26519
54959
390231
100996696
8761
176
57093
219537
260436
122809
91039
642446
120146
9246
10392
55850
93487
1448
2934
101930245
85438
26952
642612
3958
11158
10879
79017
58503
51194
79908
112936
710
7038
333926
1783
9112
10003
788
6660
10110
115653
29087
284467
6390
2040
139818
728294
23117
26053
26508
1852
91647
5875
11240
6566
145864
10917
64090
5213
79629
153090
27034
5420
9787
7385
9860
4589
26973
4240
219539
129807
10165
2617
84618
139728
158135
255762
10978
4209
51440
283847
65986
55527
4702
148022
51098
29943
25921
254956
153579
401138
9744
60495
6895
1395
51702
10226
6943
10450
100653050
3804
258
4707
23569
4053
26693
11057
493856
285659
147040
101930115
730094
146177
339168
219541
2597
26468
4615
81786
619279
112937
260425
4605
961
51075
55824
8607
92400
2063
656
11185
6017
8942
2171
9519
53981
64064
387590
149699
6503
10117
3802
79018
128239
5133
84969
5375
83878
646450
645432
9943
8711
120114
285093
100130733
646480
285095
92399
101930516
23783
100289038
3512
101929350
27437
91584
55920
90933
4077
101929373
150159
23030
84182
2167
7871
4544
646486
10425
54802
57050
115817
120103
154091
123041
5742
6535
10745
358
1819
3350
8883
55215
64409
7979
347168
26740
26219
138883
2692
138882
164118
138881
22902
158131
26507
55030
347169
63826
286023
89944
26737
26735
22863
54665
254973
392390
54927
55160
392391
161424
133308
5082
6446
83698
60678
392392
285671
57158
9390
27087
165721
387332
128240
9870
51526
8535
2624
101929712
101930127
101927077
101926894
101060494
388572
27141
401190
5649
101930595
78997
29086
401388
9389
159989
1750
5802
100506211
128486
140902
1397
727944
101927362
3612
4610
56413
125058
54542
56935
406992
171391
766
586
55081
26191
2805
57546
3172
9942
10773
10397
100132916
54865
3597
1749
84879
57048
101930123
29904
140834
101928361
55843
55720
60412
85459
10399
126549
347051
57001
101927503
255512
285672
440603
6863
1241
338651
81569
5428
387742
100132464
100505570
159296
84966
100423021
101927624
100133545
8620
10134
23434
127707
339822
101060385
11148
100033819
283120
60484
117
730811
79183
5081
101927534
101060521
55718
101927554
619552
55036
51214
100506014
100616126
3895
80834
100506054
1014
10717
79752
56898
10955
83641
140461
11016
100505964
727982
9905
81894
84851
79575
8659
11142
101060399
1039
400940
215
64858
6184
148066
64981
22989
10283
102467073
6236
196883
254863
9667
51458
102466235
100506216
7879
79016
63827
57555
677822
79101
57089
57719
100288152
100
2926
100616381
100996325
79890
100506688
51647
63974
100616479
101928857
100616235
100506791
126917
9883
100132247
613037
440345
374768
387856
121275
8824
201243
90381
170261
341567
51168
440
223075
54681
8839
121274
10763
5365
196415
378108
93
374654
79836
28970
1382
60598
57650
79712
140730
10842
517
92421
84705
5346
11180
81875
6294
284114
7529
204851
64089
2256
28976
51076
8800
1062
5137
4033
55695
5001
9956
92597
23491
56964
1396
51093
57478
23519
57481
136332
11174
6340
6482
56944
1140
138046
25900
9941
283848
80336
121273
10857
6338
1355
79590
83483
148281
1633
56252
55897
25873
684
145873
135892
11035
203427
290
5641
91949
57658
2548
93343
10953
57623
125988
341568
3906
3068
3280
55152
85444
51592
865
6789
84912
292
80262
8468
10286
8326
100526783
10239
100130519
374875
5546
115861
54934
26576
9031
3787
149708
23352
376497
283643
163259
128488
84752
348110
6870
5266
8717
23062
80319
6406
8671
55198
55336
9666
374655
57501
6407
25796
270
9047
124454
231
57659
643664
4893
63932
3418
54790
56061
2317
4839
5430
7319
79825
1244
2815
3299
6590
1370
375612
339122
9440
54890
131578
387804
1875
3996
9275
8785
341208
2814
9361
100534599
57161
24145
4951
3421
11317
390243
4335
57461
10888
6385
22853
80757
3229
4706
90196
57016
9839
54916
284009
79066
3228
55904
79572
7812
3227
4914
79728
168620
199786
3226
4361
441282
84516
25915
10509
4776
25851
257062
54851
79709
904
26608
5347
64105
80143
27296
283571
9950
3645
8996
143689
113277
163154
27068
3615
55861
2526
407977
8742
9775
653319
2314
10519
56931
154810
54870
23658
6847
112
55259
375033
10656
84666
10595
50852
51604
23065
79092
3223
7252
63928
1113
4902
51059
100302652
51130
10100
7555
5048
23025
390637
4803
10929
51085
23052
5579
440307
669
6748
51335
143686
23398
102466889
102465871
101930374
81839
149499
342132
3225
283849
1743
2528
5015
57595
9626
845
143684
441549
2525
1874
8826
25798
4808
2527
379
51154
10368
8741
23268
55356
169044
126868
55201
51182
10406
800
9702
10816
140870
92
23277
1108
784
57119
5930
22977
476
79767
3224
55971
8574
3221
126328
27136
400673
828
6331
9826
965
5000
83694
23583
8898
3705
1659
3897
102465536
5859
4885
3321
1369
22820
26168
144363
54896
388667
23080
151871
914
440695
55211
8498
25948
6448
54848
5738
23468
3845
2117
832
10640
6733
11328
160492
9398
84441
155382
64112
373
26175
79780
5228
55745
84277
8690
8458
51251
27327
23149
57117
10613
93109
53942
114049
6336
80263
79807
440574
1147
51305
100532736
4681
83416
122830
26231
79679
57121
652966
1973
29100
143872
115584
55195
11280
10905
83696
29109
387882
80006
54855
6100
84519
3362
83935
57523
54834
6553
255104
341880
23108
101928900
5990
83417
9891
9416
494143
255743
10885
84520
5241
1776
54546
51147
23252
55148
100996465
57406
25894
554
27241
55114
284129
54108
7225
25945
11228
200162
27248
30814
8892
5320
10331
643866
54517
3640
5322
11102
26279
23351
253935
64600
391013
3718
10225
6913
55777
393
57562
27289
10352
127733
57599
115352
6142
55280
55727
51179
146212
127731
10869
3284
60561
6528
2118
27030
56948
115098
85016
3780
85478
3283
79365
55450
1215
8386
79594
4991
8390
163933
1511
26189
90874
81616
978
51303
8383
145407
8082
4995
168667
55282
4994
8387
4298
8392
26227
8388
125981
2999
6804
10413
79723
8192
26122
84266
5623
27106
79368
65018
84690
282991
3158
2962
10970
1650
64689
55860
54557
3594
57578
330
83998
51451
51673
11085
3002
79413
57576
23031
257068
255394
83451
29800
4853
8570
329
115350
54899
5296
387129
222255
343
3291
400745
653820
55341
342357
114908
284427
100132417
4316
9951
9114
171017
644591
29091
728833
3709
57674
922
1365
10437
1364
79085
50809
84769
4857
5864
57154
181
5684
9313
79831
64066
97
90102
4317
101928050
728841
25832
443
197370
79696
9033
3913
402569
92359
377
199223
155368
101929383
730256
7480
135886
79567
55703
79958
57486
101928229
55243
162514
23333
222256
912
57057
909
2290
728912
7471
911
23109
3800
8672
64224
55347
3566
910
10552
5587
10382
91754
5571
4319
6319
4312
729966
5143
50615
341947
145270
55726
8744
968
4322
989
90050
84259
29114
5162
2975
10664
51676
55632
26127
80726
10972
970
64651
8740
9526
146206
10095
165904
79659
718
1524
913
344805
51768
23247
23729
7442
55914
2353
6856
102465474
56927
78990
2006
1889
57062
128360
391107
64421
146395
7479
391109
343406
391112
84224
128366
122953
8085
128367
23214
11333
128368
8896
101928625
9412
10135
25956
10538
249
196500
200845
6708
79669
9322
55640
80310
122509
388228
131583
414301
728741
257144
4222
728858
100506742
728689
8663
168455
6665
101930416
101929792
100996761
100996724
9659
10936
50813
100507607
23012
1201
130576
5294
8309
64925
81448
9513
200942
391114
128371
121268
128372
152002
100526740
26024
81442
3429
4332
5909
5926
1497
285335
646498
130574
5577
50846
339834
10898
375341
388677
7375
23093
23198
55716
149628
284131
387990
26520
27249
100132406
8079
390
56938
6462
4714
148738
11170
30851
5026
9786
10628
131177
10045
83460
26959
50964
84265
2876
284615
83982
128077
387
9939
4345
7409
1845
5763
8799
3902
6988
920
3428
57718
2015
101929716
9551
23527
151888
284428
653656
8515
729458
125997
653657
79230
10466
275
200844
112483
284067
148741
3643
341346
9447
51339
285989
64422
55911
27239
246778
26471
10401
51156
112869
866
482
57863
6799
23002
200035
4356
23370
10623
5265
10536
140890
2532
27246
6817
4884
84276
375287
11126
92960
8496
2205
374877
3984
441911
140467
5174
7157
11161
26476
57192
57521
127385
84124
325
5504
1605
112752
2845
64582
11062
112849
23660
1401
55662
10376
221786
51528
54935
9111
55032
653519
51463
3682
2784
55973
5076
7458
343413
101929496
79027
728932
8927
7043
5992
56833
10908
327
5793
7846
284677
728734
391123
151887
55668
7462
256394
83903
347
55421
327657
387849
729665
60488
344807
83461
5172
146894
25790
145264
375449
5267
6252
11273
55135
8078
131450
200958
7130
57662
5565
5104
56949
4485
8407
7284
84790
100131801
79872
2330
5982
5630
644890
57549
7167
1949
89886
1811
93183
3766
101929336
55183
12
3765
9557
93185
7461
4355
146754
64430
55719
607
79643
51205
84545
63891
2702
25871
477
2703
55301
10024
84727
9569
1738
145258
10458
10233
480
51635
2026
23405
645142
4064
844
338761
23135
8682
79962
101060226
343505
2969
65244
3912
5494
1822
317761
91653
113246
50717
92162
84316
124637
5777
4990
6495
51804
4331
386724
57570
29925
145389
9807
5824
653361
4703
11331
389118
1314
5583
389119
7318
57715
84163
10293
4585
10162
5295
161291
3091
653375
81554
56652
23385
79012
716
4807
414149
57216
101927144
98
389524
221060
114836
6617
10557
4486
83851
8832
27133
715
729438
389523
375593
57381
6504
100101267
55188
962
84315
388951
5529
51279
129852
57823
10180
9397
3092
83758
9746
4063
6711
5539
51744
55600
142683
50848
5697
162417
100131187
84336
80298
7391
221061
257106
1407
124801
81607
8516
126823
5202
4817
92579
400954
9191
51506
27005
121551
5498
8703
9507
10014
4720
2207
336
84134
80013
10188
9970
654790
4359
6391
257177
2212
3310
57142
2214
2213
9103
2215
11137
9317
78995
84824
127943
11266
7037
22926
389941
11108
25903
6251
9722
92591
400793
284680
117157
127933
6675
79089
121549
4921
9671
51478
339512
5999
130162
83540
8029
5087
56970
4009
6258
440699
1240
4259
223
131540
11153
54499
200931
100500832
7371
149297
57645
117143
9733
387597
6233
84944
10223
92235
7343
5451
919
8804
1787
92241
9019
5130
55811
25874
4528
55827
255758
116211
23432
261726
375035
9095
6846
6375
1805
481
29922
8548
57821
10560
2153
55704
6403
55732
6402
23479
6401
26043
92342
6521
57147
22920
149281
92344
5396
80133
2328
2327
338773
2326
2329
7431
23215
165918
4653
6404
8674
51603
23603
26052
255798
5279
10900
92346
348793
200933
375387
54965
51430
356
8995
7292
9588
284525
339416
51629
27252
91687
84984
55157
5062
84614
462
54434
149041
205564
338596
22916
9910
9293
27101
63931
63923
9674
112942
7143
64326
1610
60676
80235
460
2896
57795
4241
89866
57223
55530
9462
84066
400798
55103
9068
9917
64222
1739
27
6646
126859
84749
7827
163589
148753
284069
26092
87178
9857
121642
5768
89884
3674
84320
9213
7374
57710
10228
3140
51278
32
777
127665
2202
2752
127670
23131
353299
6041
6004
85397
80896
2535
1660
81626
3915
783
3918
23057
284071
622
114800
9887
101927261
7444
124808
4688
80174
10092
23179
403314
9711
23127
116461
81563
121643
80267
283446
116496
6045
55120
81627
54823
84248
10625
83872
4185
10216
7175
83892
221078
54953
10896
5132
5743
84859
5321
339479
64407
53335
431704
5996
221079
6003
10052
5997
51377
89910
6738
51751
51022
79577
8707
9343
343450
84898
3075
10878
3078
3080
10877
81494
2165
259266
64895
360023
84223
10529
23418
6165
163486
5966
388722
56956
89782
140609
150962
388389
326625
387638
399726
387640
2494
23528
8028
9928
83479
2670
23271
2848
55765
101929275
23046
101927193
5194
101927215
779
647219
4598
252839
84542
91156
100873976
100996539
100126791
100507582
5317
7139
3898
7135
146909
23612
100616334
64215
84915
101927347
1465
339804
130872
10882
59341
89796
79877
101927394
100288428
55705
4836
149345
29931
79315
340900
25802
102465854
10440
23412
6051
101927416
1999
9736
9283
127829
100288831
101930660
5778
440944
100874032
442075
113026
59352
51228
29089
100532731
648
152302
84657
100126793
4660
84260
100422933
100126334
127833
79777
10765
285370
100874090
5877
59349
51094
51706
653659
92703
9815
9576
10614
124790
752
619563
285375
100132526
5305
101927565
7514
5540
441250
101929775
644172
139189
100996631
554282
100996712
730262
728945
101929815
100996740
642441
101060684
100996473
400818
100996763
100996741
100133941
9554
101929455
100996720
255403
152687
8629
653486
10436
55879
100272216
100287534
3810
100996743
100132285
3808
3806
504191
504190
504189
79168
100653068
100653067
